id,name,title,description,num_tokens,avg_price_change,market_cap,market_cap_change,volume,volume_change,last_updated
66d07f95fd16915e5906f7fb,Sun Pump Ecosystem,Sun Pump Ecosystem,Sun Pump Ecosystem,37,2.144723959722222,353211872.5000001,0.02887222222222214,170505854.33114523,290753.0772083334,2024-08-29T14:08:29.910Z
66c739798c27c7444ebf03e8,TRON Memes,TRON Memes,TRON Memes,42,1.0381592299999993,367977259.1500001,0.1630699999999999,186104806.89517018,261676.27717500002,2024-08-25T10:28:08.848Z
66ba86e19f9f301707348c7c,Tap To Earn (T2E),Tap To Earn (T2E),Tap To Earn (T2E),8,-3.0734048520000004,978270897.74,0.38258,113528030.71754122,-19.86114,2024-08-20T07:32:40.386Z
66a3201fdfec59177a0f3a35,Celebrity Memes,Celebrity Memes,Celebrity Memes,11,6.910239044545454,85773243.78999999,3.099881818181818,14657355.400519079,123.06316363636361,2024-07-26T04:04:15.483Z
667238b565e4476fb9e4952a,Intent,Intent,Intent,4,4.85408105,49001589.53,1.153425,871432.57685638,37.13225,2024-08-15T08:09:32.649Z
664716e98c23b0279034a5ed,Political Memes,Political Memes,Political Memes,118,14.408663412475248,535438145.32,0.7212841584158416,236535799.4150558,311.2025277227722,2024-05-22T02:12:33.978Z
6640d258f5ddfc617d4b0e37,CMC Labs,CMC Labs,CMC Labs,3,3.1201820399999995,14178104.200000001,-1.3356333333333332,1183412.8854148001,48.73673333333334,2024-08-15T07:59:48.243Z
663dd07040575e0870396c23,Rehypothecated Crypto,Rehypothecated Crypto,Rehypothecated Crypto,163,2.1282197880536904,93355640962.78003,25.59759932885906,2055305605.3505182,1033.7570006711412,2024-05-10T07:47:43.754Z
6634dccba7b6f0637eec196a,Fiat Stablecoin,Fiat Stablecoin,Fiat Stablecoin,26,1.2104407495833331,158152560031.28,0.2448625,62403214871.67126,14.695033333333333,2024-05-03T12:48:28.586Z
662609299f284617d8cebc59,EigenLayer Ecosystem,EigenLayer Ecosystem,EigenLayer Ecosystem,24,2.117643193913043,44554516121.64001,1.9488826086956519,241262894.7421316,29.127069565217386,2024-04-22T06:52:36.472Z
6626031a9f284617d8ceb9a8,Runes,Runes,Runes,15,1.659050195,276851862.63,0.8736714285714287,8042183.701902171,4.146735714285714,2024-04-22T06:26:59.403Z
6617dd1bd0384836b9c7bdf3,TokenFi Launchpad,TokenFi Launchpad,TokenFi Launchpad,5,-3.9820093500000002,1376331588.15,-3.9821666666666666,276245942.6059209,21.618866666666662,2024-04-11T12:53:04.936Z
66062e4ae7d404450a103cd5,CMC Community Vote Winners,CMC Community Vote Winners,CMC Community Vote Winners,37,5.1330145381081085,79743222.88000001,0.6689405405405406,13795852.369201757,181.9041972972973,2024-05-06T13:58:37.678Z
6604f2405726cb6104472fdb,Presale Memes,Presale Memes,Presale Memes,3,4.508687493333333,67356366.55,1.6995666666666667,17876982.711403448,5.571333333333334,2024-03-28T04:30:07.129Z
66039e3c6253043a6a580e65,Move VM (MVM),Move VM (MVM),Move VM (MVM),2,0.906212255,5462591907.63,0.92285,418817967.28428215,10.53735,2024-03-27T04:19:33.033Z
65fafbaccd69e615d550867e,Atomicals Ecosystem,Atomicals Ecosystem,Atomicals Ecosystem,8,1.8310330600000002,0,0,2032144.8041866198,-4.5954500000000005,2024-03-20T16:19:23.093Z
65f23191e6c934565751ce16,DePIN,DePIN,DePIN,151,3.405909850708661,17436140720.859993,1.8186716535433078,648712479.103875,167.2855275590551,2024-03-13T23:07:23.483Z
65e92dbe01dd0a13fd969b89,CMC Crypto Awards 2024,CMC Crypto Awards 2024,CMC Crypto Awards 2024,4,2.5710654875,69059018864.89,2.63045,2486124972.9704237,21.609875,2024-03-07T06:16:43.297Z
65dda87e7b765e3ee1e908d1,Blast Ecosystem,Blast Ecosystem,Blast Ecosystem,21,1.98774813375,271985868.56,0.25285625,13286058.881816741,89.62695,2024-03-13T23:07:47.576Z
65cd9f33a4acfd1f5d0e4288,DN404,DN404,DN404,3,-0.6530574166666666,8226908.11,0.45603333333333335,460845.03706552,2.5652000000000004,2024-02-15T05:21:10.571Z
65c3381b93ace164a223c88d,ERC404,ERC404,ERC404,28,-1.5324092676923076,22658881.020000003,-1.4596692307692307,4276943.4853879195,31.527438461538466,2024-03-13T23:07:43.295Z
65c06eba1736b10877f3f55d,Cat-Themed,Cat-Themed,Cat-Themed,152,2.7282263318918907,1899890659.7799997,2.0826981981981976,365247684.9562499,352.7682315315314,2024-03-13T23:07:28.552Z
65c067341736b10877f3ee9d,Rollups-as-a-Service (RaaS),Rollups-as-a-Service (RaaS),Rollups-as-a-Service (RaaS),4,1.134172805,471017284.96,32.840175,24215497.4636098,-10.672674999999998,2024-02-05T04:43:13.483Z
659f3fbb4c5ab81dba4bb8ba,Restaking,Restaking,Restaking,25,1.2713038750000003,44846155386.840004,194.92238333333333,187155316.80172282,3358.9708555555558,2024-03-13T23:07:35.470Z
659392fd54b2742440bf0dde,Inscriptions,Inscriptions,Inscriptions,65,1.8401447099999997,1403773128.36,0.43170961538461533,331470599.28286356,345.55843653846154,2024-03-13T23:07:36.624Z
658e1127598b0275bafcb61c,MultiversX Ecosystem,MultiversX Ecosystem,MultiversX Ecosystem,20,-0.6803159978947368,779163754.3100001,1.0013631578947368,17642006.309125803,180236.2927631579,2023-12-29T00:24:48.582Z
658c3f5c517c467a48f469f6,Data Availability,Data Availability,Data Availability,8,1.2155466899999996,5560421448.160002,1.1069375000000001,265182312.24732196,71.99839999999999,2023-12-27T15:15:30.494Z
658b5d8f517c467a48f445cd,Paal Ecosystem,Paal Ecosystem,Paal Ecosystem,12,3.308333323636364,1564605873.5500002,3.4122636363636363,170689328.84317595,98.78289090909092,2024-01-02T15:32:05.288Z
65817d327289e144e00613fe,Parallel EVM,Parallel EVM,Parallel EVM,5,1.0087289149999998,1081262355.78,1.1662750000000002,103793651.46884543,30.376150000000003,2023-12-26T23:11:37.608Z
65817cf07289e144e00613ea,Account Abstraction,Account Abstraction,Account Abstraction,10,-0.4630759866666666,5089057093.6900015,-0.42518888888888895,220304389.2524364,-14.744900000000001,2023-12-26T23:11:47.858Z
655c563a19d020516fba113a,eGirl Capital Portfolio,eGirl Capital Portfolio,eGirl Capital Portfolio,12,1.7341467436363642,5877764358.7,1.5174454545454545,403839843.3467676,5.992290909090908,2023-11-21T07:03:29.188Z
655c542219d020516fba1022,Standard Crypto Portfolio,Standard Crypto Portfolio,Standard Crypto Portfolio,10,1.3664075219999998,6847521579.009998,-1.1806300000000003,539118021.7516127,4.006850000000001,2023-11-21T06:54:40.813Z
655b7f01b5b0d755998089bd,X1 Ecosystem,X1 Ecosystem,X1 Ecosystem,1,3.39774961,2289842994.05,3.3977,2922755.99011557,25.6824,2023-11-20T15:45:43.308Z
654a0c87ba37f269c8016129,BRC-20,BRC-20,BRC-20,75,4.733881670943396,1488397370.52,0.5652301886792453,342352460.2081891,493.50002075471696,2023-11-20T10:51:37.137Z
6513a01333cae40c55d561e0,Modular Blockchain,Modular Blockchain,Modular Blockchain,20,2.6589646638461537,7485436666.14,0.7016846153846156,454700199.3723376,21.45052307692308,2023-11-20T10:51:50.449Z
64e47d21ae41d47d40cc07bc,Toncoin Ecosystem,Toncoin Ecosystem,Toncoin Ecosystem,62,3.735638841739131,15154291765.7,0.43512391304347825,862438514.7769018,-1.8243630434782605,2023-11-20T10:51:53.641Z
64db35dd28bd4735cb57c3a9,SEI Ecosystem,SEI Ecosystem,SEI Ecosystem,13,2.9926525636363626,1640697306.6499999,3.0078636363636364,114005756.36324959,2.4643181818181805,2023-08-15T08:23:08.164Z
64dadf1428bd4735cb57b43a,Reddit Points,Reddit Points,Reddit Points,3,1.02419141,21255515.23,1.0242,41537.19494145,-48.8141,2023-08-15T02:17:05.349Z
64ca337fcad87e003b862a43,Linea Ecosystem,Linea Ecosystem,Linea Ecosystem,10,1.362296731,8279331728.96,1.45683,628940171.5951725,3.2323500000000003,2023-08-09T14:00:21.681Z
64c7867acad87e003b856825,Base Ecosystem,Base Ecosystem,Base Ecosystem,152,27.132426146290314,37670615288.880005,0.9106459677419355,6101961300.130961,8514737.037708065,2023-08-09T14:00:22.624Z
64bfbf3a1e8d1f05fac5ad33,Discord Bots,Discord Bots,Discord Bots,12,5.490244346000001,269672170.01,3.805799999999999,15061189.601250919,46.49034,2023-08-09T13:53:19.989Z
64bbb61c65d6d5788642471d,Kadena Ecosystem,Kadena Ecosystem,Kadena Ecosystem,5,4.29167117,154046899.95,4.2917,3579065.41235256,22.1208,2023-08-08T18:25:16.844Z
64bb8c5065d6d57886423e56,Animal Racing,Animal Racing,Animal Racing,8,9.790143943333334,15167593.3,0.09463333333333335,422617.6437075,-26.11833333333333,2023-08-09T13:54:42.011Z
64b50425e94fbc1954ae51cc,Celsius Bankruptcy Estate,Celsius Bankruptcy Estate,Celsius Bankruptcy Estate,6,1.814297576666667,83018850993.92,1.815216666666667,1842825138.0657625,0.8938666666666665,2023-07-17T09:06:14.617Z
64b01bff8610a065fa40bc56,Alleged SEC Securities,Alleged SEC Securities,Alleged SEC Securities,64,5.4117398175555556,184999338357.39005,1.5074466666666664,5223569931.412706,38.50307999999999,2023-08-09T02:59:25.115Z
64928c41e3f98f1180d39e9c,SEC Security Token,SEC Security Token,SEC Security Token,27,2.386678817777778,183597531335.91003,1.4285185185185185,5096517279.272449,10.55038888888889,2023-08-09T04:14:26.699Z
648b140936e0e773f2c819f8,Sino Global Capital,Sino Global Capital,Sino Global Capital,1,3.07256514,384918902.93,3.0726,66002533.94281791,15.4846,2023-07-13T15:45:24.784Z
648afd0f36e0e773f2c815c2,DWF Labs Portfolio,DWF Labs Portfolio,DWF Labs Portfolio,204,2.096500917513812,48241958110.76,1.3650000000000013,2233275754.4361734,184.0395745856354,2024-03-13T23:08:26.173Z
648afc8a36e0e773f2c81563,Polygon Ventures Portfolio,Polygon Ventures Portfolio,Polygon Ventures Portfolio,5,3.055461364,93136009.11,2.2656199999999997,12672568.182970462,3.2010599999999996,2023-07-13T15:45:22.915Z
648871fee4a61b5b1feaa7fe,Shima Capital,Shima Capital,Shima Capital,4,2.6280686775,100120703.77000001,2.278975,17553476.07611528,6.202375,2024-05-17T08:36:45.404Z
648871cde4a61b5b1feaa7ee,Gemini Frontier Fund,Gemini Frontier Fund,Gemini Frontier Fund,2,4.28364484,74536595.25,4.28365,5011307.24876869,5.7472,2023-12-26T23:12:02.541Z
64886e7fe4a61b5b1feaa6a9,Jump Crypto,Jump Crypto,Jump Crypto,8,1.7609709099999997,2025212132.6499999,1.7631375,166017598.92813227,12.128075,2024-03-13T23:08:37.546Z
647dca8a4feebb49dbe23674,Telegram Bot,Telegram Bot,Telegram Bot,116,3.058594628909091,1809622073.1100001,3.0525672727272726,626707492.1266423,70.61897272727272,2023-08-09T13:53:25.475Z
647964844feebb49dbe14a73,Nomad Capital,Nomad Capital,Nomad Capital,2,1.58208957,240979552.16,1.7084000000000001,34980239.67659805,23.4783,2023-07-13T15:45:38.557Z
64659fad4fc5f04f833d2f25,Treasure (MAGIC) Ecosystem ,Treasure (MAGIC) Ecosystem ,Treasure (MAGIC) Ecosystem ,2,2.38527918,0,0,956.16403019,-50.76950000000001,2023-07-13T15:45:37.677Z
644620a2b124ea0434395dd1,zkSync Era Ecosystem,zkSync Era Ecosystem,zkSync Era Ecosystem,22,0.546487932,432314263.44000006,0.5929866666666667,52226135.270648606,33.279806666666666,2024-03-13T23:08:43.017Z
643fa775b124ea043437ac6f,Berachain Ecosystem,Berachain Ecosystem,Berachain Ecosystem,2,-0.85029745,57481069.77,-0.8503,60085.9000435,129.2393,2023-04-19T08:34:03.142Z
6438d4ebb124ea043435e31f,IOU,IOU,"Please note that this page only reflects the price of the [IOUs](https://coinmarketcap.com/alexandria/glossary/what-is-an-iou), which may not be transferable across exchanges. Exercise caution while trading and always [DYOR](https://support.coinmarketcap.com/hc/en-us/articles/360043659351-Listings-Criteria).",9,3.90092817,0,0,357166.00447671,67.9991,2023-04-14T04:25:18.689Z
6437284985f6a3507d5fd57d,FTX Bankruptcy Estate ,FTX Bankruptcy Estate ,FTX Bankruptcy Estate ,27,2.472236762000001,1534746336189.4102,0.777236,52531311110.82174,11.840256000000002,2023-09-09T20:39:55.222Z
6433de7df79a2653906cd680,Layer 1,Layer 1,Layer 1,125,1.405961038833333,520724528085.14984,1.3657616666666668,21194648773.51072,12.856709999999998,2023-08-09T13:42:57.369Z
641820e333d5090d51b70536,Camelot Launchpad,Camelot Launchpad,Camelot Launchpad,9,-3.4929772625000006,45531.01,0.40825,1433256.47849709,62.10018749999999,2023-03-20T09:01:30.963Z
640c168c41d61948cb493e13,Circle Ventures Portfolio,Circle Ventures Portfolio,Circle Ventures Portfolio,11,0.7059968190000001,7642305477.38,0.7434,291414405.70739037,2015.3557599999997,2023-03-11T06:07:40.019Z
6400b58c1701313dc2e853a9,Real World Assets,Real World Assets,Real World Assets,150,2.2509764359223303,26558935645.32,1.440026213592233,809090190.5070235,118.37532330097085,2024-09-10T09:38:32.107Z
63ff40541701313dc2e81ead,Generative AI,Generative AI,Generative AI,89,2.5322473971052633,10637235344.439997,1.9886026315789471,556430286.4722288,58.10007631578948,2023-08-09T13:49:49.320Z
63feda8ad0a19758f3bde124,Bitcoin Ecosystem,Bitcoin Ecosystem,Bitcoin Ecosystem,101,3.358740504512196,1135452825319.18,1.5607609756097565,34606001101.61261,221.64272439024393,2023-08-09T13:53:10.756Z
63e65c8785bc766a8efb2788,Osmosis Ecosystem,Osmosis Ecosystem,Osmosis Ecosystem,9,1.7137364071428571,149759234.35,-0.18984285714285715,713147.8745931399,15.694942857142854,2023-02-10T15:04:36.204Z
63d8fb067e9034437b2c57d6,Canto Ecosystem,Canto Ecosystem,Canto Ecosystem,9,1.64656271,0,0,368534.66449881997,3.0279750000000005,2023-08-09T13:55:48.631Z
63c53f177e9034437b2a93bc,Optimism Ecosystem,Optimism Ecosystem,Optimism Ecosystem,84,0.9837258361764701,203658189543.22,1.105989705882353,59950321816.66872,343.34188823529405,2023-08-09T13:57:28.715Z
63b2ec90de2ed82ba295d22b,Liquid Staking Derivatives,Liquid Staking Derivatives,Liquid Staking Derivatives,92,1.5715566290666665,52408734577.190025,1.152974666666666,286674866.00302255,327.67705199999995,2023-08-09T13:44:35.406Z
6363a6c9cd197958bb543bf0,Soccer,Soccer,Soccer,52,1.194336625862069,168329296.09000003,1.363237931034483,11512629.12504866,9.618268965517242,2022-11-03T11:36:20.885Z
635634b93e16136f3bb2ee9e,Aptos Ecosystem,Aptos Ecosystem,Aptos Ecosystem,24,2.5120196545833333,3502994731.2599998,2.365629166666667,117250123.73686232,876.4913750000001,2023-08-09T13:55:37.030Z
635003a93e16136f3bb1f540,SUI Ecosystem,SUI Ecosystem,SUI Ecosystem,32,0.28759139478260876,5077147357.630001,0.6031304347826086,4555378900.110379,-2.354678260869565,2024-01-03T08:27:01.963Z
63330401558c5024ac5dade9,Internet Computer Ecosystem,Internet Computer Ecosystem,Internet Computer Ecosystem,23,3.684653031666666,3887940039.6,1.9846277777777774,73762399.00484182,11.459011111111108,2023-08-09T13:56:07.367Z
63258b2a694d2a40b4040007,Farming as a Service (FaaS),Farming as a Service (FaaS),Farming as a Service (FaaS),9,6.53267188,0,0,1403.92172002,-9.572000000000001,2023-08-09T13:55:03.229Z
63248a04694d2a40b403f244,DeSci,DeSci,DeSci,22,5.697804111666668,344843775.8600001,3.4427222222222222,6384529.68840371,104.92923333333331,2024-02-07T10:58:13.250Z
62fe5eb097edc244f4716518,Doge Chain Ecosystem,Doge Chain Ecosystem,Doge Chain,16,3.404416708571428,16773377.86,1.910985714285714,1471992.76253797,-16.916214285714286,2022-08-22T04:40:45.482Z
62fa265597edc244f47086b5,Velas Ecosystem,Velas Ecosystem,Velas Ecosystem,6,0.252744995,1689376.8800000001,0.021874999999999978,49294.2005355,33336.58075,2023-08-09T13:56:16.094Z
62ecfe560cf3825d2791fba6,MetisDAO Ecosystem,MetisDAO Ecosystem,MetisDAO Ecosystem,9,2.00870534,178966118.41,0.41085,5383496.061526119,-33.12343333333333,2023-08-09T13:56:30.094Z
62bad476c8261218d38931dc,Everscale Ecosystem,Everscale Ecosystem,Everscale Ecosystem,6,-1.078014286,131300489.12,-0.17736000000000002,860208.1852138302,14.504799999999994,2022-06-28T10:15:55.287Z
62aac152794dfb763a3321f1,XDC Ecosystem,XDC Ecosystem,XDC Ecosystem,24,0.8201907105555556,573771279.2999998,0.28657222222222223,9488221.58764401,163.77907222222223,2023-08-09T13:56:55.987Z
625d09d246203827ab52dd53,Tokenized Gold,Tokenized Gold,Tokenized Gold,9,-1.0292668885714287,1109174563,0.3119714285714286,11459152.360054739,255.99057142857143,2023-08-09T13:51:06.908Z
625d057257c0560770d004e2,EUR Stablecoin,EUR Stablecoin,EUR Stablecoin,12,-0.31544646625,336752011.9099999,0.7258500000000001,117349803.10400978,39.3668375,2022-04-18T06:46:21.382Z
625d04fa57c0560770d004e1,USD Stablecoin,USD Stablecoin,USD Stablecoin,49,0.4219407681578948,169163924340.46997,0.1776184210526316,62597719070.85354,300.0648289473685,2023-08-09T14:01:34.375Z
6246aade491a5b4fe942fa3f,Move To Earn,Move To Earn,Move To Earn,34,0.5568091629166666,408700431.27,0.4660916666666666,67262042.54751882,-19.746754166666665,2023-08-09T13:53:02.715Z
62278205e27c191689a8b132,Seedify,Seedify,Seedify,33,0.37281283119999997,274243971.28999996,0.46105999999999986,16839302.7518113,0.7935479999999996,2023-10-30T09:11:20.968Z
622569825ae33e46d7eb9813,Oasis Ecosystem,Oasis Ecosystem,Oasis Ecosystem,3,1.5844703099999997,385403356.42,1.1716,15775137.575898571,-24.44666666666667,2024-01-03T08:26:55.963Z
62224b92b3096e3849858941,Kommunitas Launchpad,Kommunitas Launchpad,Kommunitas Launchpad,30,1.1386125445454545,12263114.170000002,0.9622454545454544,2353776.5106468895,-10.295181818181815,2022-03-04T17:37:49.126Z
620a2bac3ee27777ad05bdaa,Injective Ecosystem,Injective Ecosystem,Injective Ecosystem,133,9.84264609171171,157360182054.24,8.688545045045045,53930759349.36404,134.30121261261263,2024-03-13T23:09:16.287Z
61e7d42456acb5784136115f,Oxbull,Oxbull,Oxbull,30,3.977852041666667,37098434.67,3.271975,11385881.616092775,331.57041666666663,2022-01-24T17:59:50.547Z
61e65c64b3eb6864243277d7,OKX Ventures Portfolio,OKX Ventures Portfolio,OKX Ventures Portfolio,87,0.42901925521126777,65407377869.91001,0.6167549295774648,2453635561.3415704,13.5468014084507,2024-03-12T07:22:17.848Z
61de44977ff10a2f03fd8b6c,Cronos Ecosystem,Cronos Ecosystem,Cronos Ecosystem,33,2.8442742973333335,73868382.09,1.3846333333333334,1632673.51576153,1407.5883533333333,2023-08-09T13:56:46.980Z
61dbdb5541de995812116695,Spartan Group,Spartan Group,Spartan Group,55,1.7233864722222219,12902618641.960003,1.6765244444444445,411151947.0505836,309.32129555555554,2022-01-10T07:08:15.711Z
61d923d341de9958121165fb,Moonriver Ecosystem,Moonriver Ecosystem,Moonriver Ecosystem,24,0.8160174111111114,169872669538.18,-0.6558666666666667,58388371552.14089,1180.9185333333332,2023-08-09T13:58:28.592Z
61ada74c7828ce551835b031,VBC Ventures Portfolio,VBC Ventures Portfolio,VBC Ventures Portfolio,57,2.673498449729729,878607430.5500001,2.1875162162162165,72004053.22712347,6205.862072972974,2021-12-06T06:37:53.730Z
61a461f8f13c3c06383f4224,Kenetic Capital Portfolio,Kenetic Capital Portfolio,Kenetic Capital Portfolio,57,2.3858810530000003,365316445385.81995,1.5629360000000003,17229485742.61029,16.595694,2022-08-08T14:58:05.043Z
619f7223b02e240b33b7b8bc,Harmony Ecosystem,Harmony Ecosystem,Harmony Ecosystem,28,-0.8258853861538461,5799154779.11,-1.1532384615384617,95727378.97799677,-21.043046153846152,2023-08-09T13:58:04.411Z
619747686d73bb181e8d9109,Protocol-Owned Liquidity,Protocol-Owned Liquidity,Protocol-Owned Liquidity,13,3.8945405042857146,99743794.63,1.7655999999999998,5728905.324673058,18370.944614285716,2023-08-09T13:48:42.863Z
619724627efba823f81dbf9e,DeFi 2.0,DeFi 2.0,DeFi 2.0,26,5.295997102941176,349277450.99,1.8141999999999998,13405937.96769739,7908.352747058823,2021-11-19T06:37:38.425Z
619504a2f0cc180d721c639a,BlueZilla,BlueZilla,BlueZilla,13,1.8321812492307692,17765096.879999995,1.7150538461538465,904777.0632658601,10273.769753846154,2021-11-17T13:35:24.310Z
6192765a2696b919a04444ea,Gaming Guild,Gaming Guild,Gaming Guild,20,1.1768241499999996,1130880218.2399998,1.3175352941176472,94652879.1856133,49.87824117647058,2023-08-09T13:46:23.321Z
618fb9a45471091a7df361f3,Moon Knight Labs,Moon Knight Labs,Moon Knight Labs,4,6.7747386275,571837.98,1.41045,6081.86257315,21.04305,2021-11-13T13:14:02.229Z
618d78728b4c474d390bab72,Ferrum Network,Ferrum Network,Ferrum Network,17,7.345778398461539,34480946.4,1.241146153846154,1303762.6084604298,413.0648846153846,2021-11-13T17:03:26.198Z
618c0c528cd62978a89e554a,TRON Ecosystem,TRON Ecosystem,TRON Ecosystem,37,19.27728134413793,15510911432.84,-0.3201620689655174,636453994.2445982,2.682744827586206,2022-08-08T15:08:54.949Z
618c0beeb7dd913155b462f9,Ethereum Ecosystem,Ethereum Ecosystem,Ethereum Ecosystem,784,3.2728363654953276,323934906104.80994,1.05678523364486,20347998133.66526,304.15534934579466,2023-08-09T13:57:19.587Z
6183ac1e55b4226c9d215182,Animoca Brands Portfolio,Animoca Brands Portfolio,Animoca Brands Portfolio,88,0.9391674572602741,5714502484.11,0.6090068493150685,455725272.8903232,1592.5647602739725,2021-11-08T07:09:10.406Z
61792d831f475f1858a19f63,BullPerks Launchpad,BullPerks Launchpad,BullPerks Launchpad,51,1.8650881182352939,132815863.32999998,1.2934411764705882,14580025.951493314,47.570388235294125,2021-10-27T10:46:43.392Z
61790f5ab0c3953ace8c869a,MVB,MVB,MVB,41,1.152966996285714,1164876502.9299998,4.7515485714285735,44933327.514050715,63.9010657142857,2021-10-27T08:35:57.605Z
61750b1722be322513caa85e,LaunchZone,LaunchZone,LaunchZone,16,-0.52296087,33507391.389999997,1.8034999999999997,338527.08051627,112.14386666666667,2021-10-24T07:38:24.862Z
6172b83b6ea426155245c064,Celo Ecosystem,Celo Ecosystem,Celo Ecosystem,18,0.5054368384615386,615887043.52,-0.016330769230769225,31930674.904152382,-13.21716923076923,2023-08-09T13:59:10.788Z
6171122402ece807e8a9d3ed,Arbitrum Ecosystem,Arbitrum Ecosystem,Arbitrum Ecosystem,306,5.075556375581392,198385954472.76,0.6768781395348835,60033560503.50081,483.65267767441867,2023-08-09T13:59:25.066Z
616e4420691eaf08be21fe7b,Near Protocol Ecosystem,Near Protocol Ecosystem,Near Protocol Ecosystem,29,2.6068170348,14571515517.24,1.97642,558812075.7207217,282.19766400000003,2023-08-09T13:58:10.481Z
615a922c7dacd915d2dff768,Olympus Pro Ecosystem,Olympus Pro Ecosystem,Olympus Pro Ecosystem,35,2.442513871851852,884997910.8099998,6.587022222222221,61428905.922877796,23.86829259259259,2023-08-09T13:51:15.022Z
613d6748e735bf53b7ce6cb1,Tezos Ecosystem,Tezos Ecosystem,Tezos Ecosystem,5,-0.06697367666666666,11302461.950000001,-0.06696666666666666,192057.83069201,8.377066666666666,2023-08-09T13:57:01.128Z
6123b500d3cf0828a2ada16c,Terra Ecosystem,Terra Ecosystem,Terra Ecosystem,34,2.6239383144444446,649084777.5999999,3.0899,41440598.72702995,33224.638122222226,2023-08-09T13:59:39.074Z
61213ce7c049672cb6ce7eb8,Cardano Ecosystem,Cardano Ecosystem,Cardano Ecosystem,45,1.7963890668571432,19872486891.969994,1.6598600000000003,472349624.2637251,20.843582857142856,2023-08-09T13:58:40.871Z
6113ca776ea42668462d34de,Icetea Labs,Icetea Labs,Icetea Labs,22,1.3421395443750002,33246051.970000003,1.2524,746976.2845383399,104.33292499999999,2021-08-12T04:16:50.807Z
60fb6ba4ee872d7cfdd7556d,Play To Earn,Play To Earn,Play To Earn,387,2.083909322675438,7391842626.929997,1.5384684210526314,684790929.0549761,1870.6258302631586,2023-08-09T13:47:18.452Z
60f078e54a4c180ab9f34cd0,Fantom Ecosystem,Fantom Ecosystem,Fantom Ecosystem,144,15.005917197951804,28078427180.84,1.6583698795180724,1109033227.1648457,1931.4059506024091,2023-08-09T13:59:18.150Z
60cabf685ecd03675c87833a,PetRock Capital Portfolio,PetRock Capital Portfolio,PetRock Capital Portfolio,17,1.4418210807692309,602337634.9999999,1.2484230769230769,12619214.08817667,36.389761538461535,2021-11-10T18:16:57.908Z
60bdcb4acd44627a464e36c5,Doggone Doggerel,Doggone Doggerel,Doggone Doggerel,375,2.640389952704403,28828299647.8,1.3993635220125786,2218570116.241398,56.67663333333334,2021-06-24T16:53:09.818Z
60b6171df2ae7d4366bc68e3,Bounce Launchpad,Bounce Launchpad,Bounce Launchpad,15,-2.242179894166667,91994951,1.6072749999999998,15669224.67852989,226.81325833333332,2021-06-01T11:20:57.702Z
60a5f6765abd81761fe58688,Polygon Ecosystem,Polygon Ecosystem,Polygon Ecosystem,305,2.8726948731877715,26128635219.83003,2.124464628820961,1257011388.4675822,190.01192489082968,2023-08-09T13:57:54.571Z
60a4cff7bd921305b56db89e,Genpad,Genpad,Genpad,7,33.439874089999996,244756.98,15.118466666666668,6215.00332628,81.89586666666666,2021-06-16T14:53:30.568Z
609f690dd14ea574b7742e20,Chromia Ecosystem,Chromia Ecosystem,Chromia Ecosystem,9,-0.9428895085714286,205579483.03,0.4164857142857143,51686930.10345625,-36.0677,2021-05-15T06:25:48.660Z
609a683ce58790484fa8abfe,HECO Ecosystem,HECO Ecosystem,"HECO Chain is an EVM-compatible public chain with an efficient and low-cost on-chain environment for DApps, smart contracts, and digital assets.",33,-2.4702740794444447,75732249.22999999,1.2655111111111113,1517447.9253023101,-4.397744444444445,2021-12-28T08:41:45.123Z
608fe214a016b0127037b8fa,PolkaFoundry Red Kite,PolkaFoundry Red Kite,PolkaFoundry Red Kite,39,0.9179257175862068,50786146.46,1.0161379310344827,2211302.54711391,61.41397586206896,2021-05-12T06:21:06.012Z
607c36f70bcf361dc46fd235,Hacken Foundation,Hacken Foundation,Hacken Foundation,4,5.873399362500001,29068070.56,5.8734,460759.17318844,-12.807825,2021-04-18T13:41:19.627Z
6070f1fa844b9f1a8b1b03a5,Trustswap Launchpad,Trustswap Launchpad,Trustswap Launchpad,35,1.3159770947058822,29684182.589999996,0.9525529411764706,1233388.04334811,868.1870117647059,2021-04-10T00:37:16.235Z
606fc8e783ddf57d0809985b,Exnetwork Capital Portfolio,Exnetwork Capital Portfolio,Exnetwork Capital Portfolio,100,1.6898382075675678,17702751323.640007,1.791224324324324,567928299.4326619,222.78174054054054,2021-04-09T03:36:03.123Z
606fa195ab00870d99e90a2d,Poolz Finance Portfolio,Poolz Finance Portfolio,Poolz Finance Portfolio,29,9.413782011111115,43913533.94999999,9.787733333333335,2669680.90568097,27.723699999999997,2021-11-10T18:00:03.060Z
606c7ceaba20ac511a93c774,DuckSTARTER,DuckSTARTER,DuckSTARTER,26,2.1798065847058825,19823789.730000008,1.9396235294117645,374602.24395412003,53.78868823529413,2021-04-07T00:25:20.817Z
605e2ec9d41eae1066535f82,Paradigm Portfolio,Paradigm Portfolio,Paradigm Portfolio,17,2.3640749505882352,1408048993659.9204,2.3607235294117643,48741489531.86797,13.0948,2021-11-10T10:30:15.958Z
605e2e90d41eae1066535f81,ParaFi Capital,ParaFi Capital,ParaFi Capital,14,2.1669491169230772,8245074253.569999,2.1674769230769226,463857328.1920401,5.074653846153846,2021-11-10T15:22:33.575Z
605e2e73d41eae1066535f80,Multicoin Capital Portfolio,Multicoin Capital Portfolio,Multicoin Capital Portfolio,31,1.983021139285714,433005488181.11,2.035671428571429,18877427591.643272,2.9908499999999996,2021-03-26T23:29:46.673Z
605e2e38d41eae1066535f7f,Pantera Capital Portfolio,Pantera Capital Portfolio,Pantera Capital Portfolio,61,2.178240538363636,1452667834900.1204,2.435036363636364,50255570478.73122,86.47298727272727,2021-03-26T23:24:51.227Z
605e2e0bd41eae1066535f7e,Placeholder Ventures Portfolio,Placeholder Ventures Portfolio,Placeholder Ventures Portfolio,17,1.8901459435714283,1407676390115.85,1.89515,48559984669.01321,28.612342857142856,2021-03-26T23:24:50.090Z
605e2d726507f27280c38982,USV Portfolio,USV Portfolio,USV Portfolio,6,2.410939121666667,1402899972393.68,2.41315,48407567225.204315,45.850150000000006,2021-03-26T23:01:45.131Z
605e2d3ed41eae1066535f7d,Winklevoss Capital Portfolio,Winklevoss Capital Portfolio,Winklevoss Capital Portfolio,6,3.0313033183333338,1401749224644.73,3.037266666666667,48477357036.74893,12.438533333333334,2021-11-10T17:49:59.639Z
605e2d0f6507f27280c38981,1Confirmation Portfolio,1Confirmation Portfolio,1Confirmation Portfolio,10,1.2483670970000003,1408492605539.6802,1.2552299999999998,48598045351.97113,13.69869,2021-03-26T22:58:15.404Z
605e2ce9d41eae1066535f7c,a16z Portfolio,a16z Portfolio,a16z Portfolio,27,2.1789301579166667,1444837228721.3098,2.0053833333333335,50002017164.49803,10.918729166666667,2021-11-10T17:23:01.089Z
605e2cc16507f27280c38980,Alameda Research Portfolio,Alameda Research Portfolio,Alameda Research Portfolio,61,1.2979850643636361,1493857004145.7805,1.2351545454545456,50640658730.65488,14.073716363636361,2021-03-26T22:52:34.852Z
605e2c96d41eae1066535f7b,LedgerPrime Portfolio,LedgerPrime Portfolio,LedgerPrime Portfolio,11,0.732081879,2224454560.3499994,0.24458999999999986,74322649.2487853,20.939420000000002,2021-03-26T22:42:42.005Z
605e2c4bd41eae1066535f7a,Huobi Capital Portfolio,Huobi Capital Portfolio,Huobi Capital Portfolio,21,2.1363304494444444,1404227574265.3801,2.1390055555555554,48491732055.10764,47.491305555555556,2021-11-10T17:56:37.775Z
605e2befd41eae1066535f78,Hashkey Capital Portfolio,Hashkey Capital Portfolio,Hashkey Capital Portfolio,28,2.266102170416667,301867995376.19,2.2169375,15120429145.158518,40.73481666666666,2021-03-26T22:00:56.088Z
605e2bbc6507f27280c3897f,Galaxy Digital Portfolio,Galaxy Digital Portfolio,Galaxy Digital Portfolio,13,2.9977433525,1152853688343.91,2.6581,34803776725.535706,4.850533333333334,2021-03-26T21:54:35.334Z
605e2b84d41eae1066535f77,Fenbushi Capital Portfolio,Fenbushi Capital Portfolio,Fenbushi Capital Portfolio,15,2.9845284415384623,13507379056.529999,2.489207692307692,310923505.4056247,70.68722307692309,2021-03-26T21:51:48.508Z
605e2b4dd41eae1066535f76,Framework Ventures Portfolio,Framework Ventures Portfolio,Framework Ventures Portfolio,17,1.3902600381249999,1409491519033.9502,1.49441875,48941225306.60093,10.864693749999997,2021-11-10T17:58:35.640Z
605e2b2c6507f27280c3897e,Fabric Ventures Portfolio,Fabric Ventures Portfolio,Fabric Ventures Portfolio,19,3.1973098811111114,1414146572767.7402,2.503427777777778,48745560393.86516,12.538549999999999,2021-03-26T21:44:18.374Z
605e2b07d41eae1066535f75,Electric Global Portfolio,Electric Global Portfolio,Electric Global Portfolio,15,2.0908889293333335,1415801672268.94,2.1430733333333336,49129074972.41844,11.004533333333333,2021-03-26T21:44:15.738Z
605e2acf6507f27280c3897d,DragonFly Capital Portfolio,DragonFly Capital Portfolio,DragonFly Capital Portfolio,19,1.8025710168421052,1415974776816.1604,1.6269736842105265,48909382812.452576,137.98948421052629,2021-03-26T21:34:54.534Z
605e2a98d41eae1066535f74,DCG Portfolio,DCG Portfolio,DCG Portfolio,25,2.7253469100000003,1413717767017.1804,2.1815173913043475,48849848402.76764,13.232047826086955,2021-03-26T21:28:13.816Z
605e2a78d41eae1066535f73,Coinfund Portfolio,Coinfund Portfolio,Coinfund Portfolio,15,2.9222924853333336,13981293060.470003,2.2703666666666664,398970995.23332834,126.27776666666666,2021-03-26T21:21:40.037Z
605e2a4ed41eae1066535f72,DeFiance Capital Portfolio,DeFiance Capital Portfolio,DeFiance Capital Portfolio,15,1.6032497293333337,7659911340.5199995,1.3272666666666666,462237010.8039244,12.897820000000001,2021-11-10T18:03:21.779Z
605e2a01d41eae1066535f71,CMS Holdings Portfolio,CMS Holdings Portfolio,CMS Holdings Portfolio,32,1.5037041157142865,1480431153094.5205,1.495267857142857,51015701850.00913,9.633707142857142,2021-03-26T21:14:27.160Z
605e29ad6507f27280c3897c,BoostVC Portfolio,BoostVC Portfolio,BoostVC Portfolio,15,2.553647929333333,1412104186224.9502,2.4754,48666254418.534744,41.35509333333333,2021-03-26T20:55:03.775Z
605e2967d41eae1066535f70,Blockchain Capital Portfolio,Blockchain Capital Portfolio,Blockchain Capital Portfolio,21,1.7646515766666666,1419238225524.8096,1.7935285714285716,49205651010.49189,13.53482857142857,2021-03-26T20:50:42.678Z
605bc602972c9053da7021a9,Arrington XRP Capital Portfolio,Arrington XRP Capital Portfolio,Arrington XRP Capital Portfolio,40,1.933414044285714,51312879243.40002,1.7882228571428573,1415821566.1508007,19.816997142857144,2021-11-10T16:56:14.614Z
605b2279972c9053da7021a3,DAO Maker,DAO Maker,DAO Maker,41,2.3805643149999995,303540357.84000003,2.012017647058823,22439786.134379316,10.40026470588235,2023-08-09T13:59:33.637Z
60552976146029573bcb74c2,Polkastarter,Polkastarter,Polkastarter,53,1.5244642554545456,573118336.95,1.2380977272727274,30742610.361403275,67.49999318181817,2021-11-10T10:31:11.714Z
6053e11878714a47f3a8599a,ETH 2.0 Staking,ETH 2.0 Staking,ETH 2.0 Staking,5,2.0122812,24177901229,2.0113999999999996,53343509.27023594,-44.247800000000005,2023-08-09T13:44:47.793Z
6053e0ba78714a47f3a85999,Analytics,Analytics,Analytics,21,2.4423994340000004,1748665814.6200001,2.0966133333333334,83283593.40604387,18.238180000000003,2023-08-09T13:50:51.740Z
6053e07478714a47f3a85998,Synthetics,Synthetics,Synthetics,36,2.2582959340000004,669456194.7599999,2.0837499999999998,31526227.270464372,4.42929,2023-08-09T13:51:00.279Z
6053dfb66be1bf5c15e865ee,Metaverse,Metaverse,Metaverse,288,2.795373187373273,12818409527.800001,2.3631552995391707,1002576544.2225605,1377.7746013824883,2023-08-09T13:47:10.042Z
6053df7b6be1bf5c15e865ed,Wrapped Tokens,Wrapped Tokens,Wrapped Tokens,32,1.0546033240000001,21430649522.79,1.4651,897636305.0226333,16.07112666666667,2023-08-09T13:47:55.642Z
6053df006be1bf5c15e865ec,Lending & Borrowing,Lending & Borrowing,Lending & Borrowing,73,2.2433413815254233,5697580807.34,1.8515915254237287,473539889.72161585,96.42130169491526,2023-08-09T13:48:50.260Z
6053de5078714a47f3a85996,Options,Options,Options,13,0.7089510880000001,15852294.039999997,0.25456999999999996,603877.75532017,-7.216389999999999,2023-08-09T13:52:34.050Z
6053dde66be1bf5c15e865eb,Tourism,Tourism,Tourism,22,5.392577920999999,29941353.130000003,4.81583,1954161.1951170098,16.87713,2023-08-09T13:54:14.056Z
6053dd976be1bf5c15e865ea,DeFi Index,DeFi Index,DeFi Index,18,2.1048228066666668,39683302.44,0.41300000000000003,355339.91217153,4025.928966666667,2023-08-09T13:54:14.992Z
60521ff1df5d3f36b84fbb61,Solana Ecosystem,Solana Ecosystem,Solana Ecosystem,693,2.9897287915343886,244891049288.66995,1.0923611992945328,62273565117.92883,39821.04581181658,2024-09-10T09:24:05.414Z
6051bc098a9b3f285eec4d40,Avalanche Ecosystem,Avalanche Ecosystem,Avalanche Ecosystem,301,7.920832681162794,142726574843.6,0.7337193798449613,52809314192.61611,202.63000077519365,2023-08-09T13:58:17.239Z
6051abf38a9b3f285eec4d3f,Binance Labs Portfolio,Binance Labs Portfolio,Binance Labs Portfolio,59,1.692070803207547,19563550158.53,1.038422641509434,1088456558.4195483,8.690556603773585,2021-11-10T10:31:26.079Z
6051abb18a9b3f285eec4d3e,Binance Launchpad,Binance Launchpad,Binance Launchpad,37,5.632070551388889,11761400743.169996,1.068027777777778,718939826.6050516,8.57509722222222,2023-08-09T13:45:19.098Z
6051a82d66fc1b42617d6dd0,Insurance,Insurance,Insurance,31,2.8349659329411767,161478237.09,2.833188235294118,4361621.27594845,-10.241111764705881,2023-08-09T13:51:47.956Z
6051a82b66fc1b42617d6dce,Video,Video,Video,19,2.710465663333333,3867968429.910001,1.6328500000000001,118915446.01622929,21.292516666666664,2021-11-10T10:31:41.772Z
6051a82a66fc1b42617d6dcd,Sharing Economy,Sharing Economy,Sharing Economy,23,1.154091866153846,2193833539.0699997,0.7829692307692308,38448181.80036222,113.54910000000001,2021-11-10T10:33:02.197Z
6051a82866fc1b42617d6dca,Research,Research,Research,30,3.2385337718181826,16567863826.959995,2.558195454545454,553870889.704423,28.322872727272728,2021-11-10T10:33:10.761Z
6051a82666fc1b42617d6dc8,Music,Music,Music,57,-1.5169758567857146,271855707.33000004,0.28507142857142864,17409981.570552386,63.147924999999994,2023-08-09T13:53:46.466Z
6051a82566fc1b42617d6dc6,Memes,Memes,Memes,2803,5.831022055277403,38275996638.08001,0.655808795669824,4309677978.170298,730217.0004378223,2024-09-10T09:20:27.203Z
6051a82466fc1b42617d6dc5,Jobs,Jobs,Jobs,10,1.486477765,0,0,3515.83536643,605.2954,2021-11-10T10:34:31.356Z
6051a82366fc1b42617d6dc4,IoT,IoT,IoT,65,-0.9210967765,8742586138.19,-0.09211750000000016,455657498.4088111,60.495165,2023-08-09T13:49:26.917Z
6051a82266fc1b42617d6dc3,Identity,Identity,Identity,31,0.28396255719999997,2027025869.6,0.7487520000000001,139043799.57182407,18.914935999999994,2021-11-10T10:34:43.814Z
6051a82266fc1b42617d6dc2,Entertainment,Entertainment,Entertainment,121,2.064604340128205,2993685134.830001,0.9096833333333336,358954361.6551126,1194.6185974358973,2021-11-10T10:34:56.127Z
6051a82166fc1b42617d6dc1,Gaming,Gaming,Gaming,723,0.8470001200214582,14954947919.51,0.9098197424892707,1397013498.2122152,1184.6896257510728,2024-09-10T09:32:42.905Z
6051a82066fc1b42617d6dc0,Filesharing,Filesharing,Filesharing,47,5.2335862705,5840874515.810001,0.9043125,247101924.45419103,61.1039625,2021-11-10T10:35:12.354Z
6051a81f66fc1b42617d6dbf,E-commerce,E-commerce,E-commerce,31,3.211220866875,104452671.29,2.7859749999999996,8282638.261225819,31.361212500000004,2021-11-10T10:35:34.071Z
6051a81d66fc1b42617d6dbb,Content Creation,Content Creation,Content Creation,85,3.8785753978431368,6282697607.000001,3.2219098039215686,431815474.1183577,21.015896078431368,2021-11-10T10:35:39.931Z
6051a81c66fc1b42617d6dba,Loyalty,Loyalty,Loyalty,24,5.569481592857143,2509565281.309999,4.7359,71456695.2901869,21.424271428571434,2021-11-10T10:37:17.504Z
6051a81b66fc1b42617d6db9,Distributed Computing,Distributed Computing,Distributed Computing,126,3.0613939134905657,17540566778.20999,1.6735047169811328,640167189.9094739,194.00621415094332,2023-08-09T13:47:31.296Z
6051a81a66fc1b42617d6db7,AI & Big Data,AI & Big Data,AI & Big Data,330,2.8565941179166643,27548368208.249985,2.598450757575757,1299364895.8240888,138.64246249999997,2024-09-10T09:29:58.695Z
6051a81966fc1b42617d6db6,Communications & Social Media,Communications & Social Media,Communications & Social Media,45,-0.1278084120588238,744094648.0299999,1.1999794117647058,65400343.10878295,611.4667588235295,2023-08-09T13:50:36.141Z
6051a81866fc1b42617d6db5,VR/AR,VR/AR,VR/AR,38,0.4782090221874999,4286241752.3600006,1.7236906249999997,143598290.4177581,56.634834375,2021-11-10T10:38:43.796Z
6051a81866fc1b42617d6db4,Transport,Transport,Transport,5,1.911343165,56.38,3.0497,192037.31348379,1.9756,2021-11-10T10:38:51.279Z
6051a81766fc1b42617d6db3,Logistics,Logistics,Logistics,18,2.159202793636364,2077916488.8999999,1.9426454545454546,20105040.344652917,11.658263636363637,2021-11-10T10:39:04.176Z
6051a81666fc1b42617d6db2,Sports,Sports,Sports,116,0.9478671376119404,706178074.8499998,1.3079119402985075,48987745.37898181,-2.2682313432835812,2023-08-09T13:50:22.112Z
6051a81466fc1b42617d6db0,Cosmos Ecosystem,Cosmos Ecosystem,Cosmos Ecosystem,110,2.286161330227273,17100826773.479998,1.484996590909091,1006822030.513548,189.29791363636366,2023-08-09T14:00:02.252Z
6051a81466fc1b42617d6daf,Real Estate,Real Estate,Real Estate,31,32.52799307047619,292949749.95000005,1.6254761904761903,32329242.690804902,6.853057142857144,2021-11-10T10:39:30.318Z
6051a81066fc1b42617d6daa,Media,Media,Media,97,4.313715184042554,18505929392.530003,1.17328085106383,557468783.4153084,28.022389361702125,2021-11-10T10:39:37.676Z
6051a80f66fc1b42617d6da9,Marketplace,Marketplace,Marketplace,228,2.2814057518400004,90765822517.84003,1.1882560000000004,2051341107.1699834,184.85658159999997,2024-01-03T08:26:20.884Z
6051a80c66fc1b42617d6da6,Retail,Retail,Retail,7,-4.943217736666667,115640799.58000001,-4.933333333333334,11893414.269602338,85.42645,2021-11-10T10:39:44.048Z
6051a80c66fc1b42617d6da5,Hospitality,Hospitality,Hospitality,8,1.9839411233333333,35429672.370000005,1.9800666666666666,1422711.90655657,13.549533333333335,2021-11-10T10:39:51.167Z
6051a80b66fc1b42617d6da4,Health,Health,Health,32,0.8682019552380955,112640588.67999999,0.6238904761904762,6720181.131180679,244.1109095238095,2021-11-10T10:39:57.824Z
6051a80866fc1b42617d6da1,Gambling,Gambling,Gambling,103,2.5344345948780482,377868375.72,0.2608048780487805,10591433.404175479,296.2292707317074,2023-08-09T13:51:40.091Z
6051a80766fc1b42617d6d9f,Events,Events,Events,8,15.542065653999998,22150999.830000002,11.62478,1823964.61911176,7.151320000000001,2021-11-10T10:40:12.376Z
6051a80666fc1b42617d6d9e,Energy,Energy,Energy,22,2.77661748,214012612.28,1.6533363636363638,9055174.008491712,105.25426363636362,2021-11-10T10:40:18.888Z
6051a80566fc1b42617d6d9d,Education,Education,Education,23,3.4794190407142858,374000867.00000006,2.1867857142857146,17030282.934978515,2.0696142857142865,2021-11-10T10:48:36.283Z
6051a80366fc1b42617d6d9a,Cybersecurity,Cybersecurity,Cybersecurity,21,1.1062409688235295,247235332.55999994,1.839976470588235,14248493.26855802,-3.9903470588235272,2021-11-10T10:48:59.300Z
6051a80266fc1b42617d6d98,Asset Management,Asset Management,Asset Management,106,-0.5928787579591838,891865252.1600002,-0.23305102040816317,23240078.991275284,462.18533061224485,2021-11-10T10:49:28.986Z
6051a80066fc1b42617d6d96,Marketing,Marketing,Marketing,33,2.200133872142857,622492801.47,2.1889142857142856,19849123.502135362,590.1488357142858,2021-11-10T10:49:48.043Z
604f277cebccdd50cd175fe0,Launchpad,Launchpad,Launchpad,134,3.441899961250001,940592638.4200001,2.965233333333334,54498131.83429537,1479.5354250000003,2021-11-10T10:49:55.807Z
604f277bebccdd50cd175fdf,Governance,Governance,Governance,180,1.343310126747968,12571997732.460001,1.0665609756097563,770973928.1284378,32.580522764227645,2023-08-09T13:44:55.838Z
604f2778ebccdd50cd175fdd,Rollups,Rollups,Rollups,18,1.4456878512499998,5928007354.599999,1.00580625,367172211.17713934,8.354662499999996,2022-01-10T07:10:56.788Z
604f2776ebccdd50cd175fdc,Layer 2,Layer 2,Layer 2,41,1.4010474538461537,11809506055.479998,0.7873871794871797,745448105.474666,20.82493846153846,2023-08-09T13:43:03.052Z
604f2775ebccdd50cd175fdb,Polychain Capital Portfolio,Polychain Capital Portfolio,Polychain Capital Portfolio,32,2.665821457096775,1435354401362.0608,2.4233258064516137,49421798143.609245,8.062816129032258,2021-11-10T10:50:04.888Z
604f2774ebccdd50cd175fda,Three Arrows Capital Portfolio,Three Arrows Capital Portfolio,Three Arrows Capital Portfolio,35,1.5040193194117648,1428021702993.6108,1.1719911764705877,49392029771.72861,13.69902352941177,2021-11-10T10:50:14.385Z
604f2772ebccdd50cd175fd9,Coinbase Ventures Portfolio,Coinbase Ventures Portfolio,Coinbase Ventures Portfolio,61,0.9125258645098033,1454985159649.2002,0.7227745098039219,55414282359.94662,33.09366666666667,2021-11-10T10:50:19.934Z
604f2771ebccdd50cd175fd8,Social Money,Social Money,Social Money,30,1.3626669244444445,55879445.65,0.7849222222222222,7430837.285123569,-13.620777777777779,2021-11-10T10:50:25.216Z
604f2770ebccdd50cd175fd7,Binance Launchpool,Binance Launchpool,Binance Launchpool,53,2.5297576029166664,7994796835.610001,2.653610416666667,964402709.4441807,22.551889583333335,2023-08-09T03:00:00.324Z
604f276debccdd50cd175fd5,Yearn Partnerships,Yearn Partnerships,Yearn Partnerships,11,-1.2390126585714287,382487736.23999995,1.2380285714285715,36234535.91033345,1.750714285714287,2023-08-09T13:51:54.967Z
604f276cebccdd50cd175fd4,Yield Aggregator,Yield Aggregator,Yield Aggregator,40,1.4049468180645164,666716940.2399998,1.163751612903226,55653034.346137725,20.37193548387097,2023-08-09T13:46:00.548Z
604f2769ebccdd50cd175fd2,Seigniorage,Seigniorage,Seigniorage,30,2.2023911163636365,900143746.4400002,0.8842363636363637,28135877.15924563,461.82431818181817,2023-08-09T13:50:07.465Z
604f2768ebccdd50cd175fd1,Fan Token,Fan Token,Fan Token,93,0.5829322847887322,282067921.4199999,0.9247478873239436,30427152.7157687,13.148881690140845,2023-08-09T13:53:37.188Z
604f2767ebccdd50cd175fd0,Tokenized Stock,Tokenized Stock,Tokenized Stock,80,1.99594993,49763239.16,1.9959,4390402.97118388,27.2499,2022-08-16T06:02:10.608Z
604f2766ebccdd50cd175fcf,Rebase,Rebase,Rebase,38,0.7355123227272727,35577699.03,-0.2404727272727273,1266049.41160282,14.451281818181815,2023-08-09T13:52:39.482Z
604f2763ebccdd50cd175fcd,Social Token,Social Token,Social Token,40,2.5774935180769223,233866568.39999998,3.9001923076923077,89306100.42766063,850.7759846153847,2023-08-08T16:34:34.200Z
604f2762ebccdd50cd175fcc,AMM,AMM,AMM,88,1.7281918760294117,8540152992,1.3537191176470587,473282691.8229499,325.7143808823528,2023-08-09T13:47:01.073Z
604f2760ebccdd50cd175fcb,Yield Farming,Yield Farming,Yield farming,256,1.6404128789999999,10144952956.370005,1.3243815384615383,695017470.78472,1071.832154615384,2023-08-09T13:46:02.403Z
604f275bebccdd50cd175fc7,Wallet,Wallet,Wallet,55,1.5896118747727273,2414682690.7200003,1.1200795454545458,158533036.8617783,9.151702272727272,2023-08-09T13:51:34.463Z
604f275aebccdd50cd175fc6,DAO,DAO,DAO,257,1.7016044745029237,21087261270.209995,1.1307707602339183,1643444599.4282882,32.336167836257296,2021-11-10T11:25:42.336Z
604f2755ebccdd50cd175fc2,Algorithmic Stablecoin,Algorithmic Stablecoin,Algorithmic Stablecoin,21,-0.8244621458333333,1023866159.5,0.30878333333333335,20041943.767183833,24.215725000000006,2023-08-09T13:43:29.711Z
604f2753ebccdd50cd175fc1,Stablecoin,Stablecoin,Stablecoin,183,0.404819633457944,171171307858.70996,0.226166355140187,62811942809.47705,190.6507672897196,2023-08-09T13:43:23.690Z
604f2752ebccdd50cd175fc0,Smart Contracts,Smart Contracts,Smart Contracts,192,6.64140327089041,338078086411.4402,1.5893349315068497,16282986901.29169,54.718045205479456,2023-08-09T13:43:10.990Z
604f274eebccdd50cd175fbd,Scaling,Scaling,Scaling,54,1.8083636641666672,11233081696.099998,1.2223270833333333,458771002.47928846,29.581245833333323,2021-11-10T11:25:58.092Z
604f274aebccdd50cd175fba,Prediction Markets,Prediction Markets,Prediction Markets,22,3.5181533630769235,405659805.3500001,3.381607692307692,3034354.24235606,-11.278999999999998,2023-08-09T13:52:21.232Z
604f2749ebccdd50cd175fb9,Oracles,Oracles,Oracles,53,1.0100241156818184,10555847985.359997,1.1369431818181817,406418332.3563875,4.776109090909094,2023-08-09T13:47:47.059Z
604f2747ebccdd50cd175fb8,Masternodes,Masternodes,Masternodes,150,5.450202293768115,1216707403.98,1.0873695652173914,64550127.459089704,81.57158115942029,2023-08-09T13:50:44.281Z
604f2746ebccdd50cd175fb7,Interoperability,Interoperability,Interoperability,74,3.098864707666667,6886624392.619999,3.136105,383888312.82928616,34.77609000000002,2021-11-10T11:26:12.539Z
604f2743ebccdd50cd175fb5,Zero Knowledge Proofs,Zero Knowledge Proofs,Zero Knowledge Proofs,60,1.3380814115686275,8623069463.320002,0.4977470588235297,524752333.5112035,41.74485686274509,2023-08-09T13:46:12.303Z
604f273debccdd50cd175fb0,Privacy,Privacy,Privacy,111,1.2636278252238806,6736085821.4400015,0.8017447761194031,273337079.31589216,53.50755074626865,2023-08-09T13:47:40.840Z
604f273aebccdd50cd175fae,Derivatives,Derivatives,Derivatives,67,2.749120533921569,2848734194.939999,2.135262745098039,155967659.1438924,61.02291960784316,2023-08-09T13:49:33.995Z
604f2738ebccdd50cd175fac,Decentralized Exchange (DEX) Token,Decentralized Exchange (DEX) Token,Decentralized Exchange (DEX) Token,190,1.721264566183206,14913525975.710009,0.8788396946564887,768998985.2618403,22.075941984732815,2023-08-09T13:43:51.635Z
604f2735ebccdd50cd175faa,Centralized Exchange (CEX) Token,Centralized Exchange (CEX) Token,Centralized Exchange (CEX) Token,92,1.3191853692000004,88744546205.90004,0.56953,1713184923.9853122,206.12869999999995,2023-08-09T13:43:53.695Z
60308028d2088f200c58a005,BNB Chain Ecosystem,Top BNB Chain Tokens by Market Capitalization,BNB Chain dual-chain architecture will empower its users to build their decentralized apps and digital assets on one blockchain and take advantage of the fast trading to exchange on the other.,1995,3.7179644404626333,270257766513.8302,3.415687188612102,61636676937.523796,2036.0585836298935,2023-08-09T13:59:47.270Z
60291fa0db1be76c46298e83,NFTs & Collectibles,Top NFTs & Collectibles Tokens by Market Capitalization,A NFT (non-fungible token) is a special cryptographically-generated token that uses blockchain technology to link with a unique digital asset that cannot be replicated.,788,2.2097785596328294,23523720351.29997,1.8444276457883373,1636112260.3643897,2252.175370410366,2023-08-09T13:45:05.229Z
601cf8d2d8fd860e4ea5d96f,Polkadot Ecosystem,Top Polkadot Tokens by Market Capitalization,"Polkadot is an open-source sharding multichain protocol that facilitates the cross-chain transfer of any data or asset types, not just tokens, thereby making a wide range of blockchains interoperable with each other.",81,1.830028521774193,10323718797.169998,1.6306032258064516,248355708.58239624,159.51636612903226,2023-08-09T14:00:10.601Z
5fb62da404d1dd4c73744883,Storage,Top Storage Tokens by Market Capitalization,"In blockchain-based decentralized cloud storage, your data is encrypted and stored across a distributed network of nodes",55,1.3544305502173912,5985913992.470002,0.8992065217391302,246648708.6682487,57.46854130434783,2023-08-09T13:48:02.585Z
5fb62883c9ddcc213ed13308,DeFi,Top DeFi Tokens by Market Capitalization,DeFi (decentralized finance) is the creation of an ecosystem of financial tools built on blockchain.,736,1.4881700359215695,68577749179.51,1.796646470588235,2943875680.358517,165.09792980392166,2023-08-09T13:44:12.667Z
