[
    {
        "gecko_id":"harmony",
        "tvl":1895183.4834775673,
        "tokenSymbol":"ONE",
        "cmcId":"3945",
        "name":"Harmony",
        "chainId":1666600000
    },
    {
        "gecko_id":"mantle",
        "tvl":461335459.5907432437,
        "tokenSymbol":"MNT",
        "cmcId":"27075",
        "name":"Mantle",
        "chainId":5000
    },
    {
        "gecko_id":"aurora-near",
        "tvl":16711904.9671992306,
        "tokenSymbol":"AURORA",
        "cmcId":"14803",
        "name":"Aurora",
        "chainId":1313161554
    },
    {
        "gecko_id":"moonbeam",
        "tvl":25572759.0059706159,
        "tokenSymbol":"GLMR",
        "cmcId":"6836",
        "name":"Moonbeam",
        "chainId":1284
    },
    {
        "gecko_id":"kava",
        "tvl":148889498.4807542264,
        "tokenSymbol":"KAVA",
        "cmcId":"4846",
        "name":"Kava",
        "chainId":null
    },
    {
        "gecko_id":"gnosis",
        "tvl":251643065.2604521811,
        "tokenSymbol":"GNO",
        "cmcId":"1659",
        "name":"Gnosis",
        "chainId":100
    },
    {
        "gecko_id":"optimism",
        "tvl":638548026.7500983477,
        "tokenSymbol":"OP",
        "cmcId":"11840",
        "name":"Optimism",
        "chainId":10
    },
    {
        "gecko_id":"fantom",
        "tvl":101890030.1142494231,
        "tokenSymbol":"FTM",
        "cmcId":"3513",
        "name":"Fantom",
        "chainId":250
    },
    {
        "gecko_id":"avalanche-2",
        "tvl":997471661.0296449661,
        "tokenSymbol":"AVAX",
        "cmcId":"5805",
        "name":"Avalanche",
        "chainId":43114
    },
    {
        "gecko_id":"celo",
        "tvl":95357207.4231766611,
        "tokenSymbol":"CELO",
        "cmcId":"5567",
        "name":"Celo",
        "chainId":42220
    },
    {
        "gecko_id":"ethereum",
        "tvl":47833641375.2741470337,
        "tokenSymbol":"ETH",
        "cmcId":"1027",
        "name":"Ethereum",
        "chainId":1
    },
    {
        "gecko_id":"arbitrum",
        "tvl":2555728963.1551747322,
        "tokenSymbol":"ARB",
        "cmcId":"11841",
        "name":"Arbitrum",
        "chainId":42161
    },
    {
        "gecko_id":"matic-network",
        "tvl":890027451.0412638187,
        "tokenSymbol":"MATIC",
        "cmcId":"3890",
        "name":"Polygon",
        "chainId":137
    },
    {
        "gecko_id":"rootstock",
        "tvl":166835262.7186330855,
        "tokenSymbol":"RBTC",
        "cmcId":"3626",
        "name":"Rootstock",
        "chainId":30
    },
    {
        "gecko_id":"islamic-coin",
        "tvl":1153862.7248763151,
        "tokenSymbol":"ISLM",
        "cmcId":"26220",
        "name":"HAQQ",
        "chainId":"11235"
    },
    {
        "gecko_id":"thunder-token",
        "tvl":711418.8325934715,
        "tokenSymbol":"TT",
        "cmcId":"3930",
        "name":"ThunderCore",
        "chainId":108
    },
    {
        "gecko_id":"telos",
        "tvl":46016469.4136323929,
        "tokenSymbol":"TLOS",
        "cmcId":"4660",
        "name":"Telos",
        "chainId":40
    },
    {
        "gecko_id":"zetachain",
        "tvl":8845111.3918563444,
        "tokenSymbol":"ZETA",
        "cmcId":"21259",
        "name":"ZetaChain",
        "chainId":null
    },
    {
        "gecko_id":"coredaoorg",
        "tvl":410067875.9793729186,
        "tokenSymbol":"CORE",
        "cmcId":"23254",
        "name":"CORE",
        "chainId":null
    },
    {
        "gecko_id":"boba-network",
        "tvl":2192549.0588676948,
        "tokenSymbol":"BOBA",
        "cmcId":"14556",
        "name":"Boba",
        "chainId":288
    },
    {
        "gecko_id":"metis-token",
        "tvl":47688976.2997112051,
        "tokenSymbol":"METIS",
        "cmcId":"9640",
        "name":"Metis",
        "chainId":1088
    },
    {
        "gecko_id":"fuse-network-token",
        "tvl":1023625.5061446687,
        "tokenSymbol":"FUSE",
        "cmcId":"5634",
        "name":"Fuse",
        "chainId":122
    },
    {
        "gecko_id":"bittorrent",
        "tvl":408581.9259751715,
        "tokenSymbol":"BTT",
        "cmcId":"16086",
        "name":"Bittorrent",
        "chainId":199
    },
    {
        "gecko_id":"huobi-token",
        "tvl":1026139.6274306226,
        "tokenSymbol":"HT",
        "cmcId":"2502",
        "name":"Heco",
        "chainId":128
    },
    {
        "gecko_id":"oec-token",
        "tvl":2081846.1052454787,
        "tokenSymbol":"OKT",
        "cmcId":"8267",
        "name":"OKTChain",
        "chainId":66
    },
    {
        "gecko_id":"moonriver",
        "tvl":4175343.9573082346,
        "tokenSymbol":"MOVR",
        "cmcId":"9285",
        "name":"Moonriver",
        "chainId":1285
    },
    {
        "gecko_id":"filecoin",
        "tvl":58043082.2863827348,
        "tokenSymbol":"FIL",
        "cmcId":"2280",
        "name":"Filecoin",
        "chainId":null
    },
    {
        "gecko_id":"conflux-token",
        "tvl":13348939.990283018,
        "tokenSymbol":"CFX",
        "cmcId":"7334",
        "name":"Conflux",
        "chainId":null
    },
    {
        "gecko_id":"oasis-network",
        "tvl":835495.9608195628,
        "tokenSymbol":"ROSE",
        "cmcId":"7653",
        "name":"Oasis Emerald",
        "chainId":42262
    },
    {
        "gecko_id":"velas",
        "tvl":1027481.851819563,
        "tokenSymbol":"VLX",
        "cmcId":"4747",
        "name":"Velas",
        "chainId":106
    },
    {
        "gecko_id":"crypto-com-chain",
        "tvl":402387469.9230259657,
        "tokenSymbol":"CRO",
        "cmcId":"3635",
        "name":"Cronos",
        "chainId":25
    },
    {
        "gecko_id":"zksync",
        "tvl":79545744.8328037709,
        "tokenSymbol":"ZK",
        "cmcId":"24091",
        "name":"ZKsync Era",
        "chainId":324
    },
    {
        "gecko_id":"solana",
        "tvl":5152266933.3160800934,
        "tokenSymbol":"SOL",
        "cmcId":"5426",
        "name":"Solana",
        "chainId":null
    },
    {
        "gecko_id":"manta-network",
        "tvl":45151381.8083128184,
        "tokenSymbol":"MANTA",
        "cmcId":"13631",
        "name":"Manta",
        "chainId":169
    },
    {
        "gecko_id":"dogecoin",
        "tvl":3829297.2317956449,
        "tokenSymbol":"DOGE",
        "cmcId":"74",
        "name":"Doge",
        "chainId":null
    },
    {
        "gecko_id":"litecoin",
        "tvl":3588750.6083186143,
        "tokenSymbol":"LTC",
        "cmcId":"2",
        "name":"Litecoin",
        "chainId":null
    },
    {
        "gecko_id":"kucoin-shares",
        "tvl":1298009.383079011,
        "tokenSymbol":"KCS",
        "cmcId":"2087",
        "name":"KCC",
        "chainId":321
    },
    {
        "gecko_id":"iotex",
        "tvl":18699217.0587852672,
        "tokenSymbol":"IOTX",
        "cmcId":"2777",
        "name":"IoTeX",
        "chainId":4689
    },
    {
        "gecko_id":"bitcoin",
        "tvl":568890106.4159371853,
        "tokenSymbol":"BTC",
        "cmcId":"1",
        "name":"Bitcoin",
        "chainId":null
    },
    {
        "gecko_id":"wanchain",
        "tvl":3648806.7589845816,
        "tokenSymbol":"WAN",
        "cmcId":"2606",
        "name":"Wanchain",
        "chainId":888
    },
    {
        "gecko_id":"ontology",
        "tvl":7453448.1581789982,
        "tokenSymbol":"ONT",
        "cmcId":"2566",
        "name":"Ontology",
        "chainId":null
    },
    {
        "gecko_id":"ong",
        "tvl":5198.3241800255,
        "tokenSymbol":"ONG",
        "cmcId":"3217",
        "name":"OntologyEVM",
        "chainId":58
    },
    {
        "gecko_id":"aptos",
        "tvl":482135138.6748294234,
        "tokenSymbol":"APT",
        "cmcId":"21794",
        "name":"Aptos",
        "chainId":null
    },
    {
        "gecko_id":null,
        "tvl":134650942.0322968662,
        "tokenSymbol":"RON",
        "cmcId":"14101",
        "name":"Ronin",
        "chainId":2020
    },
    {
        "gecko_id":"evmos",
        "tvl":756791.2760159627,
        "tokenSymbol":"EVMOS",
        "cmcId":"19899",
        "name":"Evmos",
        "chainId":"9001"
    },
    {
        "gecko_id":"canto",
        "tvl":9565633.4114191942,
        "tokenSymbol":"CANTO",
        "cmcId":"21516",
        "name":"Canto",
        "chainId":null
    },
    {
        "gecko_id":"astar",
        "tvl":24216458.0763955899,
        "tokenSymbol":"ASTR",
        "cmcId":"12885",
        "name":"Astar",
        "chainId":592
    },
    {
        "gecko_id":"energi",
        "tvl":557400.7026014146,
        "tokenSymbol":"NRG",
        "cmcId":"3218",
        "name":"Energi",
        "chainId":39797
    },
    {
        "gecko_id":"hedera-hashgraph",
        "tvl":47959169.6491917372,
        "tokenSymbol":"HBAR",
        "cmcId":"4642",
        "name":"Hedera",
        "chainId":null
    },
    {
        "gecko_id":"flare-networks",
        "tvl":16700178.8240191266,
        "tokenSymbol":"FLR",
        "cmcId":"7950",
        "name":"Flare",
        "chainId":null
    },
    {
        "gecko_id":"songbird",
        "tvl":1578159.1253198239,
        "tokenSymbol":"SGB",
        "cmcId":"12186",
        "name":"Songbird",
        "chainId":19
    },
    {
        "gecko_id":"klay-token",
        "tvl":34837704.0236406177,
        "tokenSymbol":"KLAY",
        "cmcId":"4256",
        "name":"Kaia",
        "chainId":8217
    },
    {
        "gecko_id":"bifrost",
        "tvl":21405469.8940716982,
        "tokenSymbol":"BFC",
        "cmcId":"7817",
        "name":"Bifrost Network",
        "chainId":null
    },
    {
        "gecko_id":"terra-luna",
        "tvl":2339099.3493685508,
        "tokenSymbol":"LUNC",
        "cmcId":"4172",
        "name":"Terra Classic",
        "chainId":null
    },
    {
        "gecko_id":"zilliqa",
        "tvl":1472049.2824488336,
        "tokenSymbol":"ZIL",
        "cmcId":"2469",
        "name":"Zilliqa",
        "chainId":null
    },
    {
        "gecko_id":"neo",
        "tvl":27782483.4711213261,
        "tokenSymbol":"NEO",
        "cmcId":"1376",
        "name":"NEO",
        "chainId":null
    },
    {
        "gecko_id":"secret",
        "tvl":12106549.6461403668,
        "tokenSymbol":"SCRT",
        "cmcId":"5604",
        "name":"Secret",
        "chainId":null
    },
    {
        "gecko_id":"cube-network",
        "tvl":14160.23,
        "tokenSymbol":"CUBE",
        "cmcId":"20519",
        "name":"Cube",
        "chainId":1818
    },
    {
        "gecko_id":"bitrise-token",
        "tvl":5126.4761013342,
        "tokenSymbol":"BRISE",
        "cmcId":"11079",
        "name":"Bitgert",
        "chainId":32520
    },
    {
        "gecko_id":"sifchain",
        "tvl":11706.3975990678,
        "tokenSymbol":"EROWAN",
        "cmcId":"8541",
        "name":"Sifchain",
        "chainId":null
    },
    {
        "gecko_id":"elastos",
        "tvl":3466194.3482561116,
        "tokenSymbol":"ELA",
        "cmcId":"2492",
        "name":"Elastos",
        "chainId":20
    },
    {
        "gecko_id":"rei-network",
        "tvl":23035.6411961287,
        "tokenSymbol":"REI",
        "cmcId":"19819",
        "name":"REI",
        "chainId":47805
    },
    {
        "gecko_id":"nuls",
        "tvl":4317528.021288,
        "tokenSymbol":"NULS",
        "cmcId":"2092",
        "name":"Nuls",
        "chainId":null
    },
    {
        "gecko_id":"osmosis",
        "tvl":107744890.3892107755,
        "tokenSymbol":"OSMO",
        "cmcId":"12220",
        "name":"Osmosis",
        "chainId":null
    },
    {
        "gecko_id":"thorchain",
        "tvl":294702878.6229501367,
        "tokenSymbol":"RUNE",
        "cmcId":"4157",
        "name":"Thorchain",
        "chainId":null
    },
    {
        "gecko_id":"bitcoin-cash",
        "tvl":12205161.7211468853,
        "tokenSymbol":"BCH",
        "cmcId":"1831",
        "name":"Bitcoincash",
        "chainId":null
    },
    {
        "gecko_id":"cosmos",
        "tvl":802928.8939494852,
        "tokenSymbol":"ATOM",
        "cmcId":"3794",
        "name":"CosmosHub",
        "chainId":null
    },
    {
        "gecko_id":"hoo-token",
        "tvl":0.0,
        "tokenSymbol":"HOO",
        "cmcId":"7543",
        "name":"Hoo",
        "chainId":70
    },
    {
        "gecko_id":null,
        "tvl":595153.0404151933,
        "tokenSymbol":"QGOV",
        "cmcId":"29443",
        "name":"Q Protocol",
        "chainId":35441
    },
    {
        "gecko_id":"neon",
        "tvl":1044946.6156008381,
        "tokenSymbol":"NEON",
        "cmcId":"26735",
        "name":"Neon",
        "chainId":245022934
    },
    {
        "gecko_id":"tron",
        "tvl":8236577829.7943849564,
        "tokenSymbol":"TRON",
        "cmcId":"1958",
        "name":"Tron",
        "chainId":null
    },
    {
        "gecko_id":"archway",
        "tvl":2570704.6869758391,
        "tokenSymbol":"ARCH",
        "cmcId":"27358",
        "name":"Archway",
        "chainId":null
    },
    {
        "gecko_id":"injective-protocol",
        "tvl":42372261.0311353058,
        "tokenSymbol":"INJ",
        "cmcId":"7226",
        "name":"Injective",
        "chainId":null
    },
    {
        "gecko_id":"sui",
        "tvl":864187548.3007497787,
        "tokenSymbol":"SUI",
        "cmcId":"20947",
        "name":"Sui",
        "chainId":null
    },
    {
        "gecko_id":"icon",
        "tvl":11714985.5134908855,
        "tokenSymbol":"ICX",
        "cmcId":"2099",
        "name":"Icon",
        "chainId":null
    },
    {
        "gecko_id":"karura",
        "tvl":292308.787188236,
        "tokenSymbol":"KAR",
        "cmcId":"10042",
        "name":"Karura",
        "chainId":null
    },
    {
        "gecko_id":"tezos",
        "tvl":48840178.0790343881,
        "tokenSymbol":"XTZ",
        "cmcId":"2011",
        "name":"Tezos",
        "chainId":null
    },
    {
        "gecko_id":"terra-luna-2",
        "tvl":4130107.0816709371,
        "tokenSymbol":"LUNA",
        "cmcId":"20314",
        "name":"Terra2",
        "chainId":null
    },
    {
        "gecko_id":"wax",
        "tvl":1374578.6415836127,
        "tokenSymbol":"WAXP",
        "cmcId":"2300",
        "name":"Wax",
        "chainId":null
    },
    {
        "gecko_id":"eos",
        "tvl":132859486.9694464952,
        "tokenSymbol":"EOS",
        "cmcId":"1765",
        "name":"EOS",
        "chainId":null
    },
    {
        "gecko_id":"meter",
        "tvl":2467359.1043929425,
        "tokenSymbol":"MTRG",
        "cmcId":"5919",
        "name":"Meter",
        "chainId":82
    },
    {
        "gecko_id":"near",
        "tvl":215209963.5914678276,
        "tokenSymbol":"NEAR",
        "cmcId":"6535",
        "name":"Near",
        "chainId":null
    },
    {
        "gecko_id":"genshiro",
        "tvl":0.0,
        "tokenSymbol":"GENS",
        "cmcId":"10278",
        "name":"Genshiro",
        "chainId":null
    },
    {
        "gecko_id":"lamden",
        "tvl":0.0,
        "tokenSymbol":"TAU",
        "cmcId":"2337",
        "name":"Lamden",
        "chainId":null
    },
    {
        "gecko_id":"waves",
        "tvl":11848578.6168658547,
        "tokenSymbol":"WAVES",
        "cmcId":"1274",
        "name":"Waves",
        "chainId":null
    },
    {
        "gecko_id":"clover-finance",
        "tvl":0.0,
        "tokenSymbol":"CLV",
        "cmcId":"8384",
        "name":"CLV",
        "chainId":1024
    },
    {
        "gecko_id":"shiden",
        "tvl":75390.018749784,
        "tokenSymbol":"SDN",
        "cmcId":"11451",
        "name":"Shiden",
        "chainId":336
    },
    {
        "gecko_id":"energy-web-token",
        "tvl":217997.4617063107,
        "tokenSymbol":"EWT",
        "cmcId":"5268",
        "name":"EnergyWeb",
        "chainId":246
    },
    {
        "gecko_id":"algorand",
        "tvl":71877410.1945054084,
        "tokenSymbol":"ALGO",
        "cmcId":"4030",
        "name":"Algorand",
        "chainId":null
    },
    {
        "gecko_id":"gochain",
        "tvl":11443.4557471613,
        "tokenSymbol":"GO",
        "cmcId":"2861",
        "name":"GoChain",
        "chainId":60
    },
    {
        "gecko_id":"high-performance-blockchain",
        "tvl":12019.4918552144,
        "tokenSymbol":"HPB",
        "cmcId":"2345",
        "name":"HPB",
        "chainId":269
    },
    {
        "gecko_id":"fsn",
        "tvl":102901978.7005288899,
        "tokenSymbol":"FSN",
        "cmcId":"2530",
        "name":"Fusion",
        "chainId":32659
    },
    {
        "gecko_id":"tomochain",
        "tvl":217087.3485071409,
        "tokenSymbol":"VIC",
        "cmcId":"2570",
        "name":"Viction",
        "chainId":88
    },
    {
        "gecko_id":"kardiachain",
        "tvl":182056.4154966125,
        "tokenSymbol":"KAI",
        "cmcId":"5453",
        "name":"Kardia",
        "chainId":0
    },
    {
        "gecko_id":"sora",
        "tvl":312759.53,
        "tokenSymbol":"XOR",
        "cmcId":"5802",
        "name":"Sora",
        "chainId":null
    },
    {
        "gecko_id":"radix",
        "tvl":24131762.0494103096,
        "tokenSymbol":"XRD",
        "cmcId":"11948",
        "name":"Radix",
        "chainId":null
    },
    {
        "gecko_id":"dogechain",
        "tvl":2533324.9531756071,
        "tokenSymbol":"DC",
        "cmcId":"21414",
        "name":"Dogechain",
        "chainId":null
    },
    {
        "gecko_id":"cardano",
        "tvl":199209414.6308356822,
        "tokenSymbol":"ADA",
        "cmcId":"2010",
        "name":"Cardano",
        "chainId":null
    },
    {
        "gecko_id":"juno-network",
        "tvl":414960.2877035306,
        "tokenSymbol":"JUNO",
        "cmcId":"14299",
        "name":"Juno",
        "chainId":null
    },
    {
        "gecko_id":"polis",
        "tvl":0.0,
        "tokenSymbol":"POLIS",
        "cmcId":"2359",
        "name":"Polis",
        "chainId":333999
    },
    {
        "gecko_id":"zyx",
        "tvl":0.0,
        "tokenSymbol":"ZYX",
        "cmcId":"6131",
        "name":"ZYX",
        "chainId":55
    },
    {
        "gecko_id":"elrond-erd-2",
        "tvl":105209972.4515118599,
        "tokenSymbol":"EGLD",
        "cmcId":"6892",
        "name":"MultiversX",
        "chainId":null
    },
    {
        "gecko_id":"stellar",
        "tvl":12303004.7221468836,
        "tokenSymbol":"XLM",
        "cmcId":"512",
        "name":"Stellar",
        "chainId":null
    },
    {
        "gecko_id":"stepex",
        "tvl":196021.2834804684,
        "tokenSymbol":"SPEX",
        "cmcId":"21725",
        "name":"Step",
        "chainId":null
    },
    {
        "gecko_id":"ubiq",
        "tvl":0.0,
        "tokenSymbol":"UBQ",
        "cmcId":"588",
        "name":"Ubiq",
        "chainId":8
    },
    {
        "gecko_id":"mixin",
        "tvl":119510836.0956218839,
        "tokenSymbol":"XIN",
        "cmcId":"2349",
        "name":"Mixin",
        "chainId":null
    },
    {
        "gecko_id":"everscale",
        "tvl":2573165.4527664627,
        "tokenSymbol":"EVER",
        "cmcId":"7505",
        "name":"Everscale",
        "chainId":null
    },
    {
        "gecko_id":"vechain",
        "tvl":535897.0791718109,
        "tokenSymbol":"VET",
        "cmcId":"3077",
        "name":"VeChain",
        "chainId":null
    },
    {
        "gecko_id":"callisto",
        "tvl":10646.7128926884,
        "tokenSymbol":"CLO",
        "cmcId":"2757",
        "name":"Callisto",
        "chainId":820
    },
    {
        "gecko_id":"ethereum-classic",
        "tvl":396432.0139525229,
        "tokenSymbol":"ETC",
        "cmcId":"1321",
        "name":"EthereumClassic",
        "chainId":61
    },
    {
        "gecko_id":"blockstack",
        "tvl":99984479.0646288246,
        "tokenSymbol":"STX",
        "cmcId":"4847",
        "name":"Stacks",
        "chainId":null
    },
    {
        "gecko_id":"echelon",
        "tvl":0.0,
        "tokenSymbol":"ECH",
        "cmcId":"20047",
        "name":"Echelon",
        "chainId":null
    },
    {
        "gecko_id":"coinex-token",
        "tvl":464225.5628920811,
        "tokenSymbol":"CET",
        "cmcId":"2941",
        "name":"CSC",
        "chainId":52
    },
    {
        "gecko_id":"xdce-crowd-sale",
        "tvl":8640405.4416293651,
        "tokenSymbol":"XDC",
        "cmcId":"2634",
        "name":"XDC",
        "chainId":null
    },
    {
        "gecko_id":"ergo",
        "tvl":3467710.0004141387,
        "tokenSymbol":"ERG",
        "cmcId":"1555",
        "name":"Ergo",
        "chainId":null
    },
    {
        "gecko_id":"nahmii",
        "tvl":99719.2246410629,
        "tokenSymbol":"NII",
        "cmcId":"4865",
        "name":"Nahmii",
        "chainId":5551
    },
    {
        "gecko_id":"defichain",
        "tvl":19399839.6057706177,
        "tokenSymbol":"DFI",
        "cmcId":"5804",
        "name":"DefiChain",
        "chainId":null
    },
    {
        "gecko_id":"theta-token",
        "tvl":1935884.8566414318,
        "tokenSymbol":"THETA",
        "cmcId":"2416",
        "name":"Theta",
        "chainId":361
    },
    {
        "gecko_id":"syscoin",
        "tvl":29725.1431188948,
        "tokenSymbol":"SYS",
        "cmcId":"541",
        "name":"Syscoin",
        "chainId":57
    },
    {
        "gecko_id":"equilibrium-token",
        "tvl":1134428.7005913283,
        "tokenSymbol":"EQ",
        "cmcId":"6780",
        "name":"Equilibrium",
        "chainId":null
    },
    {
        "gecko_id":"acala",
        "tvl":2552947.7690677773,
        "tokenSymbol":"ACA",
        "cmcId":"6756",
        "name":"Acala",
        "chainId":null
    },
    {
        "gecko_id":"proton",
        "tvl":3849209.6502393172,
        "tokenSymbol":"XPR",
        "cmcId":"5350",
        "name":"Proton",
        "chainId":null
    },
    {
        "gecko_id":"kadena",
        "tvl":333369.416830633,
        "tokenSymbol":"KDA",
        "cmcId":"5647",
        "name":"Kadena",
        "chainId":null
    },
    {
        "gecko_id":"kujira",
        "tvl":24460568.7538116388,
        "tokenSymbol":"KUJI",
        "cmcId":"15185",
        "name":"Kujira",
        "chainId":null
    },
    {
        "gecko_id":"goerli-eth",
        "tvl":32781.8613423079,
        "tokenSymbol":"GETH",
        "cmcId":"23669",
        "name":"Goerli",
        "chainId":null
    },
    {
        "gecko_id":"vite",
        "tvl":4950502.6628684243,
        "tokenSymbol":"VITE",
        "cmcId":"2937",
        "name":"Vite",
        "chainId":null
    },
    {
        "gecko_id":"sei-network",
        "tvl":170113637.2475079298,
        "tokenSymbol":"SEI",
        "cmcId":"23149",
        "name":"Sei",
        "chainId":null
    },
    {
        "gecko_id":"mode",
        "tvl":429616573.1382160783,
        "tokenSymbol":"MODE",
        "cmcId":"31016",
        "name":"Mode",
        "chainId":34443
    },
    {
        "gecko_id":"fasttoken",
        "tvl":2906786.7179201832,
        "tokenSymbol":"FTN",
        "cmcId":"22615",
        "name":"Bahamut",
        "chainId":null
    },
    {
        "gecko_id":"defi-kingdoms",
        "tvl":3615317.8705593678,
        "tokenSymbol":"JEWEL",
        "cmcId":"12319",
        "name":"DFK",
        "chainId":53935
    },
    {
        "gecko_id":"findora",
        "tvl":49000.5331236141,
        "tokenSymbol":"FRA",
        "cmcId":"4249",
        "name":"Findora",
        "chainId":2152
    },
    {
        "gecko_id":"hydra",
        "tvl":1624380.1907907911,
        "tokenSymbol":"HYDRA",
        "cmcId":"8245",
        "name":"Hydra",
        "chainId":null
    },
    {
        "gecko_id":"byteball",
        "tvl":873684.3321255649,
        "tokenSymbol":"GBYTE",
        "cmcId":"1492",
        "name":"Obyte",
        "chainId":null
    },
    {
        "gecko_id":"latoken",
        "tvl":16594.9412822886,
        "tokenSymbol":"LA",
        "cmcId":"2090",
        "name":"Lachain",
        "chainId":225
    },
    {
        "gecko_id":"sx-network",
        "tvl":59625.0935051877,
        "tokenSymbol":"SX",
        "cmcId":"8377",
        "name":"SXnetwork",
        "chainId":null
    },
    {
        "gecko_id":"multivac",
        "tvl":10568.5449445083,
        "tokenSymbol":"MTV",
        "cmcId":"3853",
        "name":"MultiVAC",
        "chainId":null
    },
    {
        "gecko_id":"internet-computer",
        "tvl":49005973.8215742558,
        "tokenSymbol":"ICP",
        "cmcId":"8916",
        "name":"ICP",
        "chainId":null
    },
    {
        "gecko_id":"supernova",
        "tvl":0.0,
        "tokenSymbol":"SNT",
        "cmcId":"15399",
        "name":"Nova Network",
        "chainId":87
    },
    {
        "gecko_id":"g-token",
        "tvl":1118389.4358933058,
        "tokenSymbol":"G",
        "cmcId":"32120",
        "name":"Gravity",
        "chainId":1625
    },
    {
        "gecko_id":"ultron",
        "tvl":1113183.1840601792,
        "tokenSymbol":"ULX",
        "cmcId":"21524",
        "name":"Ultron",
        "chainId":1231
    },
    {
        "gecko_id":"kroma",
        "tvl":1911850.273654893,
        "tokenSymbol":"KRO",
        "cmcId":"27190",
        "name":"Kroma",
        "chainId":255
    },
    {
        "gecko_id":"ox-fun",
        "tvl":0.0,
        "tokenSymbol":"OX",
        "cmcId":"29530",
        "name":"OXFUN",
        "chainId":6699
    },
    {
        "gecko_id":"wemix-token",
        "tvl":11052817.6239242069,
        "tokenSymbol":"WEMIX",
        "cmcId":"7548",
        "name":"WEMIX3.0",
        "chainId":null
    },
    {
        "gecko_id":"kintsugi",
        "tvl":120489.4,
        "tokenSymbol":"KINT",
        "cmcId":"13675",
        "name":"Kintsugi",
        "chainId":null
    },
    {
        "gecko_id":"chiliz",
        "tvl":9248984.3883739803,
        "tokenSymbol":"CHZ",
        "cmcId":"4066",
        "name":"Chiliz",
        "chainId":88888
    },
    {
        "gecko_id":"pulsechain",
        "tvl":347500489.6621264219,
        "tokenSymbol":"PLS",
        "cmcId":"11145",
        "name":"PulseChain",
        "chainId":null
    },
    {
        "gecko_id":"omax-token",
        "tvl":0.0,
        "tokenSymbol":"OMAX",
        "cmcId":"13916",
        "name":"Omax",
        "chainId":null
    },
    {
        "gecko_id":"flow",
        "tvl":19101269.1788936742,
        "tokenSymbol":"FLOW",
        "cmcId":"4558",
        "name":"Flow",
        "chainId":null
    },
    {
        "gecko_id":"bitkub-coin",
        "tvl":0.8859588924,
        "tokenSymbol":"KUB",
        "cmcId":"16093",
        "name":"Bitkub Chain",
        "chainId":96
    },
    {
        "gecko_id":"shimmer",
        "tvl":1222562.7904370746,
        "tokenSymbol":"SMR",
        "cmcId":"14801",
        "name":"ShimmerEVM",
        "chainId":148
    },
    {
        "gecko_id":"loopnetwork",
        "tvl":119174.9948904798,
        "tokenSymbol":"LOOP",
        "cmcId":"18761",
        "name":"Loop",
        "chainId":null
    },
    {
        "gecko_id":"switcheo",
        "tvl":6605154.2235865304,
        "tokenSymbol":"SWTH",
        "cmcId":"2620",
        "name":"Carbon",
        "chainId":null
    },
    {
        "gecko_id":"starcoin",
        "tvl":611535.345850545,
        "tokenSymbol":"STC",
        "cmcId":"10202",
        "name":"Starcoin",
        "chainId":null
    },
    {
        "gecko_id":"bifrost-native-coin",
        "tvl":8541641.5925035793,
        "tokenSymbol":"BNC",
        "cmcId":"8705",
        "name":"Bifrost",
        "chainId":null
    },
    {
        "gecko_id":"tomb",
        "tvl":215446.7357061943,
        "tokenSymbol":"TOMB",
        "cmcId":"11495",
        "name":"Tombchain",
        "chainId":null
    },
    {
        "gecko_id":"vision-metaverse",
        "tvl":3675452.9516276983,
        "tokenSymbol":"VS",
        "cmcId":"19083",
        "name":"Vision",
        "chainId":null
    },
    {
        "gecko_id":"interlay",
        "tvl":2987963.2905425518,
        "tokenSymbol":"INTR",
        "cmcId":"20366",
        "name":"Interlay",
        "chainId":null
    },
    {
        "gecko_id":"pego-network-2",
        "tvl":3.8057660441,
        "tokenSymbol":"PG",
        "cmcId":"27723",
        "name":"Pego",
        "chainId":null
    },
    {
        "gecko_id":"ethereum-pow-iou",
        "tvl":84104.3227766908,
        "tokenSymbol":"ETHW",
        "cmcId":"21296",
        "name":"EthereumPoW",
        "chainId":null
    },
    {
        "gecko_id":"fx-coin",
        "tvl":2562888.1810316602,
        "tokenSymbol":"FX",
        "cmcId":"3884",
        "name":"FunctionX",
        "chainId":null
    },
    {
        "gecko_id":"kekchain",
        "tvl":0.0,
        "tokenSymbol":"KEK",
        "cmcId":"21606",
        "name":"Kekchain",
        "chainId":420420
    },
    {
        "gecko_id":"immutable-x",
        "tvl":14719032.846455574,
        "tokenSymbol":"IMX",
        "cmcId":"10603",
        "name":"Immutable zkEVM",
        "chainId":13371
    },
    {
        "gecko_id":"muu-inu",
        "tvl":0.0,
        "tokenSymbol":"MUU",
        "cmcId":"22020",
        "name":"MUUCHAIN",
        "chainId":20402
    },
    {
        "gecko_id":"xai-blockchain",
        "tvl":577232.4706950781,
        "tokenSymbol":"XAI",
        "cmcId":"28374",
        "name":"Xai",
        "chainId":null
    },
    {
        "gecko_id":"dream-machine-token",
        "tvl":519686.3303831302,
        "tokenSymbol":"DMT",
        "cmcId":"25653",
        "name":"Sanko",
        "chainId":1996
    },
    {
        "gecko_id":"the-open-network",
        "tvl":406804549.8627004027,
        "tokenSymbol":"TON",
        "cmcId":"11419",
        "name":"TON",
        "chainId":null
    },
    {
        "gecko_id":"starknet",
        "tvl":255843390.233730495,
        "tokenSymbol":"STRK",
        "cmcId":"22691",
        "name":"Starknet",
        "chainId":null
    },
    {
        "gecko_id":"marcopolo",
        "tvl":21308748.0139331184,
        "tokenSymbol":"MAP",
        "cmcId":"4956",
        "name":"MAP Protocol",
        "chainId":null
    },
    {
        "gecko_id":"alvey-chain",
        "tvl":326694.4686271913,
        "tokenSymbol":"ALV",
        "cmcId":"26867",
        "name":"ALV",
        "chainId":null
    },
    {
        "gecko_id":"comdex",
        "tvl":76085.1607438067,
        "tokenSymbol":"CMDX",
        "cmcId":"14713",
        "name":"Comdex",
        "chainId":null
    },
    {
        "gecko_id":null,
        "tvl":242578.309843684,
        "tokenSymbol":"ZENIQ",
        "cmcId":"23027",
        "name":"Zeniq",
        "chainId":null
    },
    {
        "gecko_id":"bitindi-chain",
        "tvl":0.0,
        "tokenSymbol":"BNI",
        "cmcId":"22026",
        "name":"Bitindi",
        "chainId":null
    },
    {
        "gecko_id":"stargaze",
        "tvl":133653.1658662153,
        "tokenSymbol":"STARS",
        "cmcId":"16842",
        "name":"Stargaze",
        "chainId":null
    },
    {
        "gecko_id":"libre",
        "tvl":114377.846351,
        "tokenSymbol":"LIBRE",
        "cmcId":"27114",
        "name":"Libre",
        "chainId":null
    },
    {
        "gecko_id":"umee",
        "tvl":2742341.4968399596,
        "tokenSymbol":"UX",
        "cmcId":"16389",
        "name":"UX",
        "chainId":null
    },
    {
        "gecko_id":"oraichain-token",
        "tvl":6507309.1434204755,
        "tokenSymbol":"ORAI",
        "cmcId":"7533",
        "name":"Oraichain",
        "chainId":null
    },
    {
        "gecko_id":"dexalot",
        "tvl":4021585.2819700669,
        "tokenSymbol":"ALOT",
        "cmcId":"18732",
        "name":"Dexalot",
        "chainId":432204
    },
    {
        "gecko_id":"darwinia-network-native-token",
        "tvl":12617.5374359949,
        "tokenSymbol":"RING",
        "cmcId":"5798",
        "name":"Darwinia",
        "chainId":null
    },
    {
        "gecko_id":"darwinia-crab-network",
        "tvl":241691.2429717247,
        "tokenSymbol":"CRAB",
        "cmcId":"9243",
        "name":"Crab",
        "chainId":44
    },
    {
        "gecko_id":"rangers-protocol-gas",
        "tvl":1247986.3734898525,
        "tokenSymbol":"RPG",
        "cmcId":"12221",
        "name":"Rangers",
        "chainId":null
    },
    {
        "gecko_id":"persistence",
        "tvl":2960604.159622319,
        "tokenSymbol":"XPRT",
        "cmcId":"7281",
        "name":"Persistence One",
        "chainId":null
    },
    {
        "gecko_id":"oasys",
        "tvl":2479544.4801981742,
        "tokenSymbol":"OAS",
        "cmcId":"22265",
        "name":"Oasys",
        "chainId":null
    },
    {
        "gecko_id":"grove",
        "tvl":65255.3737460284,
        "tokenSymbol":"GRV",
        "cmcId":"23196",
        "name":"Grove",
        "chainId":null
    },
    {
        "gecko_id":"xpla",
        "tvl":1548972.4115393958,
        "tokenSymbol":"XPLA",
        "cmcId":"22359",
        "name":"XPLA",
        "chainId":null
    },
    {
        "gecko_id":"onus",
        "tvl":7213681.6307819728,
        "tokenSymbol":"ONUS",
        "cmcId":"15261",
        "name":"Onus",
        "chainId":null
    },
    {
        "gecko_id":"concordium",
        "tvl":33470.4444275923,
        "tokenSymbol":"CCD",
        "cmcId":"18031",
        "name":"Concordium",
        "chainId":null
    },
    {
        "gecko_id":"white-whale",
        "tvl":391334.0159750276,
        "tokenSymbol":"WHALE",
        "cmcId":"16121",
        "name":"Migaloo",
        "chainId":null
    },
    {
        "gecko_id":"chihuahua-token",
        "tvl":309553.3946668073,
        "tokenSymbol":"HUAHUA",
        "cmcId":"17208",
        "name":"Chihuahua",
        "chainId":null
    },
    {
        "gecko_id":"tenet-1b000f7b-59cb-4e06-89ce-d62b32d362b9",
        "tvl":3525.2416029595,
        "tokenSymbol":"TENET",
        "cmcId":"24892",
        "name":"Tenet",
        "chainId":null
    },
    {
        "gecko_id":"alephium",
        "tvl":9266138.7932067942,
        "tokenSymbol":"ALPH",
        "cmcId":"14878",
        "name":"Alephium",
        "chainId":null
    },
    {
        "gecko_id":"aura-network",
        "tvl":225277.4683137998,
        "tokenSymbol":"AURA",
        "cmcId":"20326",
        "name":"Aura Network",
        "chainId":null
    },
    {
        "gecko_id":"hydradx",
        "tvl":42813547.1486860439,
        "tokenSymbol":"HDX",
        "cmcId":"6753",
        "name":"Hydration",
        "chainId":null
    },
    {
        "gecko_id":"microvisionchain",
        "tvl":31717.1375944632,
        "tokenSymbol":"SPACE",
        "cmcId":"24193",
        "name":"MVC",
        "chainId":null
    },
    {
        "gecko_id":null,
        "tvl":3156899.6577571444,
        "tokenSymbol":"BEAM",
        "cmcId":"28298",
        "name":"Beam",
        "chainId":4337
    },
    {
        "gecko_id":"renec",
        "tvl":898797.1093263568,
        "tokenSymbol":"RENEC",
        "cmcId":"24143",
        "name":"RENEC",
        "chainId":null
    },
    {
        "gecko_id":"nolus",
        "tvl":1035478.3792546603,
        "tokenSymbol":"NLS",
        "cmcId":"28485",
        "name":"Nolus",
        "chainId":null
    },
    {
        "gecko_id":"qitmeer-network",
        "tvl":82752.4617680342,
        "tokenSymbol":"MEER",
        "cmcId":"15658",
        "name":"MEER",
        "chainId":null
    },
    {
        "gecko_id":"dash",
        "tvl":230959.7606412708,
        "tokenSymbol":"DASH",
        "cmcId":"131",
        "name":"Dash",
        "chainId":null
    },
    {
        "gecko_id":"bostrom",
        "tvl":503528.9595415696,
        "tokenSymbol":"BOOT",
        "cmcId":"19111",
        "name":"Bostrom",
        "chainId":null
    },
    {
        "gecko_id":"degen-base",
        "tvl":455756.5468445154,
        "tokenSymbol":"DEGEN",
        "cmcId":"30096",
        "name":"Degen",
        "chainId":666666666
    },
    {
        "gecko_id":"chainflip",
        "tvl":9752949.9971742723,
        "tokenSymbol":"FLIP",
        "cmcId":"13268",
        "name":"Chainflip",
        "chainId":null
    },
    {
        "gecko_id":"fonsmartchain",
        "tvl":8565272.8694194257,
        "tokenSymbol":"FON",
        "cmcId":"22607",
        "name":"FSC",
        "chainId":null
    },
    {
        "gecko_id":"newton-project",
        "tvl":66234.1807384678,
        "tokenSymbol":"NEW",
        "cmcId":"3871",
        "name":"Newton",
        "chainId":null
    },
    {
        "gecko_id":"caduceus",
        "tvl":0.0,
        "tokenSymbol":"CMP",
        "cmcId":"20056",
        "name":"CMP",
        "chainId":256256
    },
    {
        "gecko_id":"amber",
        "tvl":1033555.9443350472,
        "tokenSymbol":"AMB",
        "cmcId":"2081",
        "name":"AirDAO",
        "chainId":16718
    },
    {
        "gecko_id":"dydx-chain",
        "tvl":154758922.7712970078,
        "tokenSymbol":"dYdX",
        "cmcId":"28324",
        "name":"dYdX",
        "chainId":null
    },
    {
        "gecko_id":"areon-network",
        "tvl":73460.8253972435,
        "tokenSymbol":"AREA",
        "cmcId":"23262",
        "name":"Areon Network",
        "chainId":null
    },
    {
        "gecko_id":"ripple",
        "tvl":14696420.1113730799,
        "tokenSymbol":"XRP",
        "cmcId":"52",
        "name":"XRPL",
        "chainId":null
    },
    {
        "gecko_id":"polkadot",
        "tvl":47585.6159497451,
        "tokenSymbol":"DOT",
        "cmcId":"6636",
        "name":"Polkadot",
        "chainId":null
    },
    {
        "gecko_id":"bitrock",
        "tvl":207957.4192849182,
        "tokenSymbol":"BROCK",
        "cmcId":"27606",
        "name":"Bitrock",
        "chainId":7171
    },
    {
        "gecko_id":"rss3",
        "tvl":508434.3404276788,
        "tokenSymbol":"RSS3",
        "cmcId":"17917",
        "name":"RSS3",
        "chainId":null
    },
    {
        "gecko_id":"venom",
        "tvl":8838153.7012896929,
        "tokenSymbol":"VENOM",
        "cmcId":"22059",
        "name":"Venom",
        "chainId":null
    },
    {
        "gecko_id":"planq",
        "tvl":67043.1989660872,
        "tokenSymbol":"PLQ",
        "cmcId":"28804",
        "name":"Planq",
        "chainId":7070
    },
    {
        "gecko_id":"bouncebit",
        "tvl":27648876.1683913246,
        "tokenSymbol":"BB",
        "cmcId":"30746",
        "name":"BounceBit",
        "chainId":6001
    },
    {
        "gecko_id":"endurance",
        "tvl":36116.230881296,
        "tokenSymbol":"ACE",
        "cmcId":"28674",
        "name":"Endurance",
        "chainId":648
    },
    {
        "gecko_id":"genesys",
        "tvl":106489.0112553387,
        "tokenSymbol":"GSYS",
        "cmcId":"27940",
        "name":"Genesys",
        "chainId":16507
    },
    {
        "gecko_id":"polkadex",
        "tvl":129885.7876349729,
        "tokenSymbol":"PDEX",
        "cmcId":"9017",
        "name":"Polkadex",
        "chainId":null
    },
    {
        "gecko_id":"aelf",
        "tvl":2549893.6100658015,
        "tokenSymbol":"ELF",
        "cmcId":"2299",
        "name":"aelf",
        "chainId":null
    },
    {
        "gecko_id":"lukso-token-2",
        "tvl":0.0,
        "tokenSymbol":"LYX",
        "cmcId":"27622",
        "name":"Lukso",
        "chainId":42
    },
    {
        "gecko_id":"joltify",
        "tvl":221678.3164990047,
        "tokenSymbol":"JOLT",
        "cmcId":"19855",
        "name":"Joltify",
        "chainId":null
    },
    {
        "gecko_id":"aeternity",
        "tvl":1871.3554316941,
        "tokenSymbol":"AE",
        "cmcId":"1700",
        "name":"Aeternity",
        "chainId":null
    },
    {
        "gecko_id":"dymension",
        "tvl":6122978.0546451267,
        "tokenSymbol":"DYM",
        "cmcId":"28932",
        "name":"Dymension",
        "chainId":null
    },
    {
        "gecko_id":"aurora-dao",
        "tvl":526880.9542790001,
        "tokenSymbol":"IDEX",
        "cmcId":"3928",
        "name":"IDEX",
        "chainId":null
    },
    {
        "gecko_id":"zircuit",
        "tvl":197.4187565887,
        "tokenSymbol":"ZRC",
        "cmcId":"29711",
        "name":"Zircuit",
        "chainId":48900
    },
    {
        "gecko_id":"electroneum",
        "tvl":46156.8408307216,
        "tokenSymbol":"ETN",
        "cmcId":"2137",
        "name":"Electroneum",
        "chainId":52014
    }
]